column,non_empty_count,empty_count,non_empty_share,example_values
Affiliate License-Licensee-Answer,510,0,1.0,"['No', 'No', 'Yes']"
Affiliate License-Licensor-Answer,510,0,1.0,"['No', 'No', 'No']"
Anti-Assignment-Answer,510,0,1.0,"['Yes', 'Yes', 'No']"
Audit Rights-Answer,510,0,1.0,"['Yes', 'Yes', 'Yes']"
Cap On Liability-Answer,510,0,1.0,"['Yes', 'Yes', 'No']"
Change Of Control-Answer,510,0,1.0,"['No', 'No', 'No']"
Competitive Restriction Exception-Answer,510,0,1.0,"['No', 'No', 'No']"
Covenant Not To Sue-Answer,510,0,1.0,"['No', 'No', 'No']"
Document Name,510,0,1.0,"[""['MARKETING AFFILIATE AGREEMENT']"", ""['VIDEO-ON-DEMAND CONTENT LICENSE AGREEMENT']"", ""['CONTENT DISTRIBUTION AND LICENSE AGREEMENT']""]"
Document Name-Answer,510,0,1.0,"['MARKETING AFFILIATE AGREEMENT', 'VIDEO-ON-DEMAND CONTENT LICENSE AGREEMENT', 'CONTENT DISTRIBUTION AND LICENSE AGREEMENT']"
Exclusivity-Answer,510,0,1.0,"['No', 'No', 'Yes']"
Filename,510,0,1.0,"['CybergyHoldingsInc_20140520_10-Q_EX-10.27_8605784_EX-10.27_Affiliate Agreement.pdf', 'EuromediaHoldingsCorp_20070215_10SB12G_EX-10.B(01)_525118_EX-10.B(01)_Content License Agreement.pdf', 'FulucaiProductionsLtd_20131223_10-Q_EX-10.9_8368347_EX-10.9_Content License Agreement.pdf']"
Insurance-Answer,510,0,1.0,"['No', 'No', 'No']"
Ip Ownership Assignment-Answer,510,0,1.0,"['No', 'No', 'No']"
Irrevocable Or Perpetual License-Answer,510,0,1.0,"['No', 'No', 'No']"
Joint Ip Ownership-Answer,510,0,1.0,"['No', 'No', 'No']"
License Grant-Answer,510,0,1.0,"['Yes', 'Yes', 'Yes']"
Liquidated Damages-Answer,510,0,1.0,"['No', 'No', 'No']"
Minimum Commitment-Answer,510,0,1.0,"['Yes', 'Yes', 'No']"
Most Favored Nation-Answer,510,0,1.0,"['No', 'Yes', 'No']"
No-Solicit Of Customers-Answer,510,0,1.0,"['No', 'No', 'No']"
No-Solicit Of Employees-Answer,510,0,1.0,"['No', 'No', 'No']"
Non-Compete-Answer,510,0,1.0,"['No', 'No', 'No']"
Non-Disparagement-Answer,510,0,1.0,"['Yes', 'No', 'No']"
Non-Transferable License-Answer,510,0,1.0,"['No', 'No', 'No']"
Post-Termination Services-Answer,510,0,1.0,"['No', 'No', 'No']"
Price Restrictions-Answer,510,0,1.0,"['No', 'No', 'No']"
Revenue/Profit Sharing-Answer,510,0,1.0,"['No', 'Yes', 'Yes']"
Rofr/Rofo/Rofn-Answer,510,0,1.0,"['No', 'No', 'No']"
Source Code Escrow-Answer,510,0,1.0,"['No', 'No', 'No']"
Termination For Convenience-Answer,510,0,1.0,"['No', 'Yes', 'No']"
Third Party Beneficiary-Answer,510,0,1.0,"['No', 'No', 'No']"
Uncapped Liability-Answer,510,0,1.0,"['No', 'Yes', 'No']"
Unlimited/All-You-Can-Eat-License-Answer,510,0,1.0,"['No', 'Yes', 'Yes']"
Volume Restriction-Answer,510,0,1.0,"['No', 'No', 'No']"
Warranty Duration-Answer,510,0,1.0,"['Yes', 'No', 'No']"
Parties,509,1,0.9980392156862745,"[""['BIRCH FIRST GLOBAL INVESTMENTS INC.', 'MA', 'Marketing Affiliate', 'MOUNT KNOWLEDGE HOLDINGS INC.', 'Company']"", ""['EuroMedia Holdings Corp.', 'Rogers', 'Rogers Cable Communications Inc.', 'Licensor']"", ""['Producer', 'Fulucai Productions Ltd.', 'ConvergTV', 'CONVERGTV, INC.']""]"
Parties-Answer,509,1,0.9980392156862745,"['Birch First Global Investments Inc. (""Company""); Mount Kowledge Holdings Inc. (""Marketing Affiliate"", ""MA"")', 'Rogers Cable Communications Inc. (""Rogers""); EuroMedia Holdings Corp. (""Licensor"")', 'CONVERGTV,\xa0INC.\xa0(“ConvergTV”); Fulucai Productions Ltd. (""Producer"")']"
Agreement Date,470,40,0.9215686274509803,"[""['8th day of May 2014', 'May 8, 2014']"", ""['July 11 , 2006']"", ""['November 15, 2012']""]"
Agreement Date-Answer,465,45,0.9117647058823529,"['5/8/14', '7/11/06', '11/15/12']"
Governing Law,437,73,0.8568627450980392,"[""['This Agreement is accepted by Company in the State of Nevada and shall be governed by and construed in accordance with the laws thereof, which laws shall prevail in the event of any conflict.']"", '[\'This Agreement is subject to all laws, regulations, license conditions and decisions of the Canadian Radio-television and Telecommunications Commission (""CRTC"") municipal, provincial and federal governments or other authorities which are applicable to Rogers and/or Licensor, and which are now in force or hereafter adopted (""Applicable Law"").\', \'This Agreement shall be governed by laws of the Province of Ontario and the federal laws of Canada applicable therein.\']', ""['All questions with respect to the construction of this Agreement, and the rights and liabilities of the Parties hereto, shall be governed by the laws of the State of Florida.']""]"
Governing Law-Answer,433,77,0.8490196078431372,"['Nevada', 'Ontario, Canada', 'Florida']"
Expiration Date,413,97,0.8098039215686275,"[""['This agreement shall begin upon the date of its execution by MA and acceptance in writing by Company and shall remain in effect until the end of the current calendar year and shall be automatically renewed for successive one (1) year periods unless otherwise terminated according to the cancellation or termination provisions contained in paragraph 18 of this Agreement.']"", '[\'The term of this Agreement (the ""Initial Term"") shall commence as of the Effective Date and, unless earlier terminated in accordance with this Agreement, shall terminate on June 30, 2010.\']', '[\'The initial term of this Agreement commences as of the Effective Date and, unless terminated earlier pursuant to any express provision of this Agreement, shall continue until five (5) years following the Effective Date (the ""Initial Term"").\']']"
Effective Date,390,120,0.7647058823529411,"[""['This agreement shall begin upon the date of its execution by MA and acceptance in writing by Company']"", ""['July 11 , 2006']"", ""['November 15, 2012']""]"
Anti-Assignment,374,136,0.7333333333333333,"[""['MA may not assign, sell, lease or otherwise transfer in whole or in party any of the rights granted pursuant to this Agreement without prior written approval of Company.']"", ""['This Agreement may not be assigned, sold or transferred without the prior written consent of the other party.', 'Notwithstanding the foregoing, Rogers may, without consent, assign its rights and obligations under this Agreement in whole or in part to: (i) a person that directly or indirectly controls, is controlled by or is under common control with Rogers; or (ii) a purchaser of all or substantially all of the assets used in connection with the ROD Service. A change of control of Rogers shall not be considered an assignment of this Agreement.', 'Any purported assignment, sale, or transfer in contravention of this Section shall be null and void.']"", '[\'Any purported assignment, delegation or transfer in violation of this Section 11.7 is void from the outset and shall be of no force or effect.\', ""Licensee shall not assign or otherwise transfer any of its rights, or delegate or otherwise transfer any of its obligations or performance, under this Agreement, in each case whether voluntarily, involuntarily, by operation of law or otherwise, without Licensor\'s prior written consent.""]']"
Effective Date-Answer,359,151,0.703921568627451,"['7/11/06', '11/15/12', '2/10/14']"
Expiration Date-Answer,329,181,0.6450980392156863,"['12/31/14', '6/30/10', '2/10/19']"
Cap On Liability,275,235,0.5392156862745098,"['[\'The foregoing states the entire liability of Company with respect to infringement of intellectual property rights.\', ""Company\'s liability shall not exceed the fees that MA has paid under this Agreement."", \'Company is not liable for incidental, special or consequential damages for any reason (including loss of data or other business or property damage), even if foreseeable or if MA or Customer has advised of such a claim.\', \'IN NO EVENT SHALL COMPANY BE LIABLE TO ""MA"", ITS CLIENTS, OR ANY THIRD PARTY FOR ANY TORT OR CONTRACT DAMAGES OR INDIRECT, SPECIAL, GENERAL, INCIDENTAL OR CONSEQUENTIAL DAMAGES, INCLUDING BUT NOT LIMITED TO, LOSS OF PROFITS OR ANTICIPATED PROFITS AND LOSS OF GOODWILL, ARISING IN CONNECTION WITH THE USE (OR INABILITY TO USE) OR DISTRIBUTION OF THE TECHNOLOGY FOR ANY PURPOSE WHATSOEVER.\', ""COMPANY\'S SOLE AND EXCLUSIVE LIABILITY FOR THE WARRANTY PROVIDED IN SUBPARAGRAH (A) HEREOF SHALL BE TO CORRECT THE TECHNOLOGY TO OPERATE IN SUBSTANTIAL ACCORDANCE WITH ITS THEN CURRENT SPECIFICATIONS OR REPLACE, AT ITS OPTION, THE TECHNOLOGY NOT IN COMPLIANCE WITH COMPANY\'S AND COMPANY\' PUBLISHED SPECIFICATIONS REGARDING THE TECHNOLOGY; PROVIDED, ANY CLAIM FOR BREACH OF WARRANTY UNDER SUBPARAGRAPH (A) HEREOF MUST BE MADE IN WRITING WITHIN (90) DAYS FROM DATE OF SHIPMENT""]', ""['Except with respect to any claim or liability arising from an infringement of any third party intellectual property right, in no event shall either party be liable for any special, indirect, consequential, punitive or incidental damages of any kind']"", '[\'NEITHER PARTY SHALL BE LIABLE UNDER OR IN CONNECTION WITH THIS AGREEMENT FOR INDIRECT, INCIDENTAL, CONSEQUENTIAL, LIQUIDATED, SPECIAL OR EXEMPLARY DAMAGES OR PENALTIES, INCLUDING WITHOUT LIMITATION, LOSSES OF BUSINESS, REVENUE OR ANTICIPATED PROFITS, REGARDLESS OF WHETHER SUCH DAMAGE WAS FORESEEABLE AND WHETHER LICENSOR HAS BEEN ADVISED OF THE POSSIBILITY OF SUCH DAMAGES.\', ""EACH PARTY\'S LIABILITY ARISING OUT OF OR RELATED TO THIS AGREEMENT WILL NOT EXCEED AN AMOUNT EQUAL TO THE AGGREGATE AMOUNTS PAID OR PAYABLE TO LICENSOR IN THE TWELVE (12) MONTHS PRECEDING THE COMMENCEMENT OF THE CLAIM.""]']"
License Grant,255,255,0.5,"['[\'Company hereby grants MA, during the term of this Agreement, the right to use Company and/or Company trade names, trademarks or service marks on Technology or in advertising or promotion relating directly to these products.\', \'Subject to the terms and conditions of this Agreement, Company hereby grants to MA the right to advertise, market and sell to corporate users, government agencies and educational facilities (""Clients"") for their own internal language learning, soft skills and communication purposes only, and not for remarketing or redistribution, and not for use in a data center environment for multiple users Clients, unless otherwise agreed to by Company prior in writing, the Technology listed in Schedule A of this Agreement, and to sell and/or bundle Technology Maintenance for the Technology and to provide first line technical support and implementation services for the Technology in the territories listed in Schedule A of this Agreement, providing MA meets the criteria required for delivering services according to Schedule A.\', \'MA is authorized to resell Technology within the following territory according to the terms of the Agreement:\\n\\nWorldwide\']', '[\'During the Term, Rogers shall have the non-exclusive right to distribute and exhibit each Licensed Program on a VOD basis for a period of ninety (90) consecutive days, or such longer period as may be agreed to by Rogers and Licensor (the ""License Period"").\', \'Licensor grants to Rogers the non-exclusive license and right to distribute and exhibit in Canada (the ""Territory"") all entertainment programming to which Licensor owns or controls the VOD distribution and exhibition rights in the Territory (collectively, ""Licensed Programs"") to residential subscribers of Rogers\\\' digital cable television service on a Video-on-Demand (""VOD"") basis.\']', '[\'Producer further grants to ConvergTV the right and license to Distribute and re-Distribute, including relicensing or sublicensing, the Program at such dates and times as are determined by ConvergTV in its sole discretion.\', \'For the License Term and within the Licensed Territory, Producer hereby grants to ConvergTV a right and license to Distribute the program, file or video listed on the Deal Terms above (the ""Program"") consisting of<omitted>episodes (series) or<omitted>one-offs, for unlimited runs for the License Term through ConvergTV channels and/or other distribution outlets, in accordance with the License Rights.\', \'""Licensed Rights"" to ConvergTV and ConvergTV Channels and/or Distribution Outlets x All, including but not limited to: xSimultaneous Internet Streaming x OTT Television x Internet Protocol Television x Radio, short wave, microwave, fiber optic x Alternative, secondary and specialty distribution x Stored as VOD, Content Distribution Networks/Company Servers x Full Television Broadcast Rights: x Free: Terrestrial, Cable, Satellite x Pay: Terrestrial, Cable, Satellite x Direct Satellite IP Distribution Systems\', \'Producer further grants to ConvergTV the right and license to create (re-edit), at its sole cost and expense, new and different versions of the Program, create foreign language, subtitled or translated versions of the Program as well as to create closed captioned versions of the Program, including NTCS, PAL, SEACAM standards, or other standards, including those yet to be developed.\', \'The grant of rights and license pursuant to this Section 1 shall include, but not be limited to, the right of ConvergTV to Distribute and re-Distribute all or any portions of the Program and Promotional Works, including excerpts therefrom, and any new and different versions of the Program, on simultaneous internet transmission or streaming, internet protocol television and any television networks and stations, and/or other distribution outlets, via domestic or foreign television signals, as well as through CATV and DBS systems, satellite, microwave, fiber optic and/or other modes of Distribution yet to be developed, but which may be utilized by ConvergTV in the future.\', \'Producer further grants to ConvergTV the right and license to utilize any and all footage from the Program for promotional and marketing purposes related to the Distribution of the Program and for promotion of channels or other distribution methods.\', \'Producer further grants to ConvergTV the right and license to Distribute the Program on any ConvergTV channel, and/or other distribution outlets, that exists today or that is created or developed in the future and this right includes the right to Distribute on any channels of a ConvergTV affiliate and/or other distribution outlets without limitation.\']']"
Audit Rights,214,296,0.4196078431372549,"[""['MA shall keep accurate records of the sales of the Technology and Maintenance, including Client Registration Cards and shall make these records available for review by a representative of Company within ten (10) business days following the end of each month.']"", '[""During the Term, and for a period of twelve (12) months thereafter, Rogers (and its representatives) shall have the right, upon reasonable prior written notice to Licensor, and during regular business hours, to inspect and/or audit Licensor\'s books and records to confirm compliance with Licensor\'s obligations under this Section.""]', '[""Each of the Parties may, at its own expense, audit the other Party\'s compliance with this Agreement, including but not limited to, auditing the other Party\'s representations and warranties.""]']"
Termination For Convenience,183,327,0.3588235294117647,"['[""Notwithstanding any other provision of this Agreement, Rogers may terminate this Agreement, at any time, upon sixty (60) days\' prior written notice to Licensor.""]', '[""ETON has the right to terminate this Agreement after approval of the Dossier or marketing application for the Product (or added new product), at its sole discretion, upon providing one hundred eighty (180) days\' written notice to Aucta.""]', ""['Accordingly, either Party may terminate this Agreement or all/part of a Project for any reason and at any time upon giving the other Party sixty (60) days prior written notice.']""]"
Post-Termination Services,182,328,0.3568627450980392,"['[\'Notwithstanding the foregoing, in the event the expiration of this Agreement or termination of this Agreement by Musclepharm pursuant to paragraph 9(a), MusclePharm shall be entitled to sell-off the remaining Licensed Products for six (6) months after such expiration of this Agreement pursuant to paragraph 4(d) herein and shall continue to pay Endorser the Royalty set forth in paragraph 7 herein.\', ""MusclePharm\'s obligations for the payment of a Royalty and the Guaranteed Minimum Royalty (as defined below) shall survive expiration or termination of this Agreement and will continue for so long as MusclePharm continues to manufacture, sell or otherwise market the Licensed Products."", \'During the Term, the right to use Endorser\\\'s Name and Appearance Rights granted to MusclePharm in this Section shall extend for six (6) months beyond the expiration of this Agreement (the ""Use-up Period"").\', \'During the Term of this Agreement and during any sell-off period, MusclePharm shall pay Lender a royalty (the ""Royalty"") of 10% on Net Sales (as defined below) of Licensed Products sold through its wholesale Distribution Channels or retail Distribution Channels, as the case may be and 10% on Net Sales of the Training Video and any Products sold in connection with any Training Video as contemplated pursuant to the last sentence of Section 4(a)(i) above.\', ""MusclePharm shall create no new advertising during the Use-up Period using Endorser\'s Name and Appearance, but shall have the right to use during the Use-up Period Endorser\'s Name and Appearance in advertisements and promotional materials created before the expiration date of this Agreement."", \'MusclePharm agrees to preserve and keep accessible and available to the AS Parties all relevant books and records for a period of at least three (3) years following the expiration or termination of the Agreement.\']', ""['The Parties (including Online BVI on behalf of the Online Group) agree to maintain records (i) of all information reasonably necessary to verify all calculations to be made under Section 8.3.2, and (ii) supporting, verifying and necessary to demonstrate the calculation and collection of fees and/or revenue, as well as any deductions thereto, and payments made hereunder, including, without limitation, budgets, purchase orders, expense records, invoices, correspondence, banking and financial and other records pertaining to the determination of Gross Revenue, Direct Expenses and Adjusted Net Revenue, during the term of this Agreement and for a period of two (2) years following the expiration or termination hereof.', 'Each Party shall (i) immediately stop displaying, featuring, linking or in any other manner using the Company-Skype Branded Application (provided in the case of Skype, other than the Skype Software in the Company-Skype Branded Application), Company-Skype Toolbar, Company-Skype Branded Web Site, Company-Skype Branded Content, any co-branded materials or any other Intellectual Property of the other Parties (including, without limitation, Intellectual Property deemed to be owned by the other Parties under Section 4.2.3.2); (ii) return such materials directly to the other Parties, or delete and overwrite any electronically stored copies of such materials within thirty (30) days from the date of termination of this Agreement; (iii) within such thirty (30) day period, deliver to the other Parties a certificate duly executed by its authorised officer certifying its compliance with the foregoing, and (iv) provide the other Parties with such information and access to data and databases as may be necessary to permit such other Parties to fulfil any contractual obligations by them to users of the Company-Skype Branded Application undertaken by such other Parties prior to the time of termination.', 'The Parties agree that notwithstanding any termination or expiration of this Agreement, the rights and licenses granted to any Company- Skype Branded Customers prior to termination or expiration of this Agreement pursuant to any EULA shall continue during the 24 months after such termination or expiration for the sole purpose of permitting such users to continue to access and utilize the Company-Skype Branded Application and the Company-Skype Toolbar, and so long as any Gross Revenue is received with respect to the Company-Skype Branded Application and/or the Company-Skype Toolbar, the provisions of Section 5 shall continue to be applicable after any termination or expiration.']"", '[\'In addition, within twenty-five (25) months after the termination or expiration of the Term and on a Product-by-Product basis, ETON shall perform a final ""true-up"" reconciliation and shall provide Aucta with a written report of such outlining the deductions specified in the definition of Net Sales.\', ""After termination is effective and Aucta assumes control of the Product, ETON will provide, to the extent practicable, transition services to Aucta to include assistance with Product distribution, processing of rebates, drug safety, etc. at Aucta\'s cost for such services, for a reasonable period of time as mutually determined by the Parties but not to exceed one hundred eighty (180) days following termination so that Aucta can get its own such services in place."", ""If this Agreement is terminated by Aucta under Section 11.2 or 11.3, then (a) ETON shall have the right to, and Aucta shall hereby grant ETON a license to, Market or otherwise dispose of any existing inventory of any Products then in ETON\'s possession subject to paying all Royalties and other amounts due hereunder for such sales, (b) Aucta may keep all the payments under Section 6 paid by ETON up to the point of termination and for ETON\'s disposal of remaining inventory and Aucta is free to commercialize or relicense the Product with no further obligations owed to ETON, (c) ETON shall refrain from holding itself out as Aucta\'s distributor, in particular, eliminate any reference to the Product and Aucta from its business, trade style and promotional material, and (d) ETON shall transfer all rights, licenses within thirty (30) days of termination.""]']"
Exclusivity,180,330,0.35294117647058826,"[""['During the License Term (which is identified in the Deal Terms), Producer agrees that ConvergTV has the exclusive right to exercise the rights granted to it under this Agreement with respect to the Program, including those in Section 1, within the Licensed Territory.']"", '[""Subject to Licensee\'s on\\xadgoing compliance with Section 3.2 and all other terms and conditions of this Agreement, Licensor grants to Licensee an exclusive (save for rights reserved to Licensor hereunder), non-transferable (except as provided in Section 11.7) and non- sublicensable license, during the License Term, to reproduce, perform, display, transmit and distribute the Licensed Content on the Licensee Siteand Related Media intended solely for use by End Usersin the Territory within the scope set forth in Schedule 1 (License Scope), which is attached hereto and incorporated herein by this reference.""]', '[\'During the Term, eDiets will not buy, sell, display or distribute advertising from (including, but not limited to, banner ads, buttons, badges, text links, hyperlinks or editorial mentions) or otherwise promote any Women.com Compettive Company on any page of the eDiets Site that is within two clicks from the Gateway Page of the Diet Center.\', \'For purposes of this Agreement, ""Competitive Company"" means any company that eDiets reasonably presents as, and Women.com reasonably agrees is, a direct competitor to eDiets by distributing on-line content principally relating to diets and diet counseling, including, but not limited to, Weight Watchers, Jenny Craig, NutriSystem, Nutrio, Asimba, DietSmart and uMagic.\', \'For purposes of this Agreement, ""Women.com Competitive Company"" means any company that Women.com reasonably presents as, and eDiets reasonably agrees is, a direct competitor to Women.com by providing an on-line portal for women, including, but not limited to, Oxygen Media and iVillage,\', \'Notwithstanding the foregoing, Women.com shall be entitled to (aa) provide mini and micro web sites and Women.com promotions and sponsorships to Jenny Craig; (bb) sell, display, or distribute advertisements, including banner advertisements, newsletter placements, internet radio, commerce placements and market research, or otherwise promote Competitive Companies on pages other than the Gateway Page of the Diet Center.\', \'During the Term,<omitted>(b) eDiets will be the exclusive third party provider of content and interactive tools for diets and diet counseling to Women.com within the Diet Center;\']']"
Renewal Term,176,334,0.34509803921568627,"[""['This agreement shall begin upon the date of its execution by MA and acceptance in writing by Company and shall remain in effect until the end of the current calendar year and shall be automatically renewed for successive one (1) year periods unless otherwise terminated according to the cancellation or termination provisions contained in paragraph 18 of this Agreement.']"", '[\'At Rogers\\\' option, this Agreement shall renew for a subsequent term of two (2) years on the terms and conditions herein (the ""Renewal Term"").\']', ""['License Term Perpetual, unlimited runs x Other: 2 years Commencing: November 15, 2012']""]"
Insurance,166,344,0.3254901960784314,"['[""MusclePharm shall, throughout the Term of the Agreement and for a period of not less than four years thereafter, obtain and maintain at its own cost and expense from a qualified insurance company licensed to do business in California and New York, a commercial general liability insurance policy including coverage for contractual liability (applying to the terms and conditions of this agreement), product liability, personal injury liability, and advertiser\'s liability, in a form approved by the AS Parties, in the amount of at least Five Million Dollars (US$5,000,000) per occurrence naming the AS Parties (for the avoidance of doubt, specifically including each of Lender, Endorser, and Fitness) as additional named insureds"", \'Without limiting the generality of the foregoing, such policy shall provide protection against any and all claims, demands, and causes of action arising out of any defects or failure to perform, alleged or otherwise, of the Products and Licensed Products or any material used in connection therewith or any use thereof.\', \'MusclePharm shall be responsible to pay the deductible under any such insurance policies with respect to any claims made under such policies.\', \'MusclePharm agrees to furnish the AS Parties a certificate of insurance evidencing same within thirty (30) days after execution of this Agreement and, in no event, shall MusclePharm manufacture, distribute, advertise, or sell the Licensed Products prior to receipt by the AS Parties of such evidence of insurance.\', \'The policy shall provide for ten (10) days notice to the AS Parties from the insurer by Registered or Certified Mail, return receipt requested, in the event of any modification, cancellation, or termination thereof.\', \'MusclePharm shall be responsible to provide for any appearances pursuant to this Agreement by Endorser appropriate certificates of insurance with coverage limits of at least Five Million Dollars (US$5,000,000) per occurrence endorsed to name the AS Parties as additional named insureds with respect to claims arising out of appearances by Endorser.\']', ""['The Parties shall provide written proof of such insurance to each other upon request.', 'At all times from the first commercial sale of any Product(s) or after the Effective Date through the date which is five (5) years after the final sale of such Product(s), the Parties will maintain general liability insurance in amounts that are reasonable and customary in the pharmaceutical industry, provided in no event shall the general liability insurance amounts be less than five million dollars ($5,000,000) per occurrence and ten million dollars ($10,000,000) in the aggregate limit of liability per year.']"", ""['During the Term, the Supplier shall maintain product liability insurance with a reputable insurer of no less than AU$10 million for any one occurrence for any and all liability (however arising) for a claim that the Products are faulty or defective.', 'The Supplier shall add the distributor to their current insurance certificate.']""]"
Revenue/Profit Sharing,166,344,0.3254901960784314,"['[\'For so long as Rogers is required by Applicable Law to pay copyright royalties relating to Licensed Programs hereunder, Licensor shall reimburse Rogers for 50% of any such royalties actually paid by Rogers, calculated on a rolling basis during the Term and payable monthly.\', \'Rogers shall pay to Licensor a fee (the ""License Fee""), which shall be equal to fifty (50)% of Retail Revenues.\', \'In consideration for various services and activities that Rogers performs for the benefit of Licensor during the Term, Licensor agrees to pay to Rogers an amount which shall be equal to ten (10)% of License Fees, calculated on a rolling basis during the Term and payable monthly.\', \'For so long as Rogers is required by Applicable Law to contribute a percentage of its gross annual revenues from the ROD Service to an independently-administered Canadian program production fund, Licensor shall reimburse Rogers for 50% of the amount required to be remitted to such production fund by Rogers in respect of the exhibition of Licensed Programs (the ""Production Fund Commitment"").\']', ""['Revenue Share as specified in this CONTENT DISTRIBUTION AND LICENSE AGREEMENT.', 'The revenue share for the Program is stated in Exhibit B.']"", '[\'In addition to the License Fee payable in accordance with Section 5.1, Licensee shall pay a royalty (""Royalty"") to Licensor according to the following schedule (""Royalty Schedule""):   Subscribers Royalty Payable as Percentage of Gross Revenue 0 - 5000 6.25% 5001 - 7500 6.75% 7501 - 10,000 7.00% 10,001 - 15,000 8.00% 15,001 - 20,000 8.50% 20,001 - 25,000 9.25% 25,001+ 9.75%\']']"
Minimum Commitment,165,345,0.3235294117647059,"[""['INITIAL ORDER COMMITMENT - MA commits to purchase a minimum of 100 Units in aggregate within the Territory within the first six months of term of this Agreement.']"", '[\'Licensor shall make available to Rogers, on a free trial basis and at no cost to Rogers, not less than ten (10) Licensed Programs at all times during the Term (each, a ""Promotional Program"") for distribution and exhibition on the ROD Service to promote the Licensed Programs and the ROD Service.\']', '[\'If Women.com does not deliver the shortfall within sixty (60) days of the end of the applicable quarter, eDiets may terminate this Agreement in its entirety immediately or authorize Women.com to deliver the shortfall within an extended number of days to be mutually agreed upon by the parties (the ""Make Good Period"").\', \'Notwithstanding the foregoing, Women.com does guarantee a minimum of 13,000,000 impressions promoting eDiets per year on the Diet Center.\', \'If Women.com does not deliver at least 80% of the Quarterly Impression Guarantee for Advertsing Promotions as set forth on Exhibit B (11,250,000 per quarter; 45,000,000 per year); 80% of the Quarterly Impression Guarantee for the Diet Center Logo as set forth on Exhibit B (3,250,000 per quarter; 13,000,000 per year); and 80% of the Quarterly Impression Guarantee for Other Campaigns as set forth on Exhibit B (3,000,000 per quarter; 12,000,000 per year) each quarter following the Launch Date, within sixty (60) days of the end of the applicable quarter, Women.com shall deliver an amount equal to the under-delivery within the same campaign elements, including newsletters, promotions, exclusive sponsorships, targeted rotations, ROS, channel and sub-channel center logo placements, or mutually agreed upon comparable elements.\', ""During the Term, eDiets.com will be guaranteed 12 million circulation per year from and after the Effective Date via newsletters, including but not limited to:      >>  Fashion & Beauty Newsletter: 300,000 subscribers per month      >>  Food News: 180,000 subscribers per month      >>  Prevention: 1,600,000 subscribers per month      >>  Internet Scopes:  2,400,000 subscribers per month      >>  Sex & Romance: 120,000 subscribers per month      >>  What\'s New: 1,100,000 subscribers per month      >>  Women.com Member Newsletter: 1,700,000 subscribers per month\\n\\nGuaranteed Circulation Per Year:            12,000,000""]']"
Renewal Term-Answer,163,347,0.3196078431372549,"['successive 1 year', '2 years', 'perpetual, 11/15/2014']"
Non-Transferable License,138,372,0.27058823529411763,"['[""Subject to Licensee\'s on\\xadgoing compliance with Section 3.2 and all other terms and conditions of this Agreement, Licensor grants to Licensee an exclusive (save for rights reserved to Licensor hereunder), non-transferable (except as provided in Section 11.7) and non- sublicensable license, during the License Term, to reproduce, perform, display, transmit and distribute the Licensed Content on the Licensee Siteand Related Media intended solely for use by End Usersin the Territory within the scope set forth in Schedule 1 (License Scope), which is attached hereto and incorporated herein by this reference."", ""Licensor grants to Licensee a limited, non-exclusive, non-transferable (except as provided in Section 11.7) and non-sublicensable royalty-free license during the Term to those of Licensor\'s Marks designated by Licensor from time to time to:   (i)display such Marks on the Licensee Site: (x) with the Licensed Content to provide source attribution; or (y) as links to the Licensed Content;   (ii)comply with its express obligations under this Agreement; and   (iii)advertise, market and promote the availability of the Licensed Content or the Licensee Site and identify the Licensor as a content provider;   provided, that all uses of Licensor\'s Marks shall require Licensor\'s prior written approval.""]', '[""Women.com hereby grants eDiets a non-exclusive, non-transferable, royalty-free worldwide right and license without the right to sublicense to use the Women.com Marks during the Term solely in connection with (i) the fulfillment of eDiets\' obligations under this Agreement, and (ii) in advertising and marketing collateral related to this Agreement"", \'eDiets hereby grants to Women.com, subject to the terms and conditions of this Agreement, a non-exclusive, nontransferable, worldwide, royalty-free license to use, copy, reproduce and display the editorial content and other data, branding and other identification provided by eDiets to Women.com in connection with this Agreement (the ""eDiets Content"") on the Women.com Sites: (i) for publication in the Diet Center and elsewhere throughout the Women.com Sites; (ii) for the promotion of eDiets and the Diet Center on the Women.com Sites and in collateral advertising materials; and (iii) for such other purposes as are consistent with or otherwise authorized under this Agreement.\', ""eDiets hereby grants Women.com a non-exclusive, non-transferable, royalty-free worldwide right and license without the right to sublicense to use the eDiets Marks during the Term solely in connection with (i) the fulfillment of Women.com\'s obligations under this Agreement, and (ii) in advertising and marketing collateral related to this Agreement.""]', ""['Subject to the terms and conditions of this Agreement, Online BVI hereby grants to Skype and the Company a limited, non-exclusive, non-sublicensable (except as set forth herein), non-transferable, non-assignable (except as provided in Section 14.4), royalty- free (but subject to the provisions of Section 5), license during the Term to use, market, provide access to, promote, reproduce and display the Online BVI Intellectual Property solely as incorporated in, and for the development of and for transmission pursuant to this Agreement of the Company-Skype Branded Application, the Company-Skype Branded Content and the Company-Skype Branded Web Site.', 'Skype hereby grants to Online BVI and the Company a limited, non-exclusive, non-sublicensable (except as set forth herein), non-transferable, non-assignable (except as provided in Section 14.4), royalty-free (but subject to the provisions of Section 5), license during the Term to use, market, provide access to, promote, reproduce and display the Skype Intellectual Property solely (i) as incorporated in the Company-Skype Branded Application and/or the Company-Skype Toolbar, and (ii) as incorporated in, for the development of, and for transmission pursuant to this Agreement of, the Company-Skype Branded Content and the Company-Skype Branded Web Site, in each case for the sole purposes (unless otherwise mutually agreed by the Parties) of promoting and distributing, pursuant to this Agreement, the Company-Skype Branded Application, the Company-Skype Toolbar, the Company-Skype Branded Content and the Company-Skype Branded Web Site in the Territory; (a) provided, that it is understood that the Company-Skype Branded Customers will have the right under the EULA to use the Company- Skype Branded Application and the Company-Skype Toolbar and will have the right to access the Company-Skype Branded Content, the Company-Skype Branded Web Site and the Online BVI Web Site through the Internet and to otherwise receive support from the Company anywhere in the world, and that the Company shall be permitted to provide access to and reproduce and display the Skype Intellectual Property through the Internet anywhere in the world, and (b) provided further, that Online BVI and the Company shall ensure that no Company-Skype Branded Customer (or potential Company-Skype Branded Customer) shall be permitted to access, using the Company-Skype Branded Application or the Company-Skype Toolbar or through the Company-Skype Branded Web Site, any Skype premium features requiring payment by the Company-Skype Branded Customer (or potential Company-Skype Branded Customer), including, but not limited to, SkypeIn, SkypeOut, or Skype Plus, unless such Company-Skype Branded Customer (or potential Company-Skype Branded Customer) uses the payment methods made available by the Company pursuant to Section 2.5 for the purchase of such premium features.', 'Except as provided herein, no member of the Online Group or the Group may in any manner (i) modify the Skype Software, Skype Toolbar, Company-Skype Toolbar and/or Company-Skype Branded Application or any Improvement thereof; (ii) distribute, sell, transfer, encumber, sublicense, rent, loan, lend or lease the Skype Software and/or the Skype Toolbar, and/or any component thereof to any third party; or', 'Except as provided herein, no member of the Skype Group or the Group may in any manner<omitted>(ii) distribute, sell, transfer, encumber, sublicense, rent, loan, lend or lease any Online BVI Intellectual Property, and/or any component thereof to any third party.']""]"
Ip Ownership Assignment,124,386,0.24313725490196078,"['[""All such works based upon the Trademarks and/or Name and Appearance Rights shall be prepared by an employee-for- hire of MusclePharm (under MusclePharms\'s sole supervision, responsibility, and monetary obligation) or as a work-for-hire by a third party who assigns to the AS Parties in writing and in perpetuity throughout the universe all right, title, and interest in the same provided however, nothing herein shall preclude MusclePharm from using any of the intellectual property to be retained by MusclePharm contemplated pursuant to Section 9(f) of this Agreement after the termination of this Agreement."", \'MusclePharm agrees that any copyrights in works created based upon the Trademarks and/or Name and Appearance Rights shall become the rights of the AS Parties (as among them to be determined among them)\', ""MusclePharm irrevocably and unconditionally transfers and assigns to the AS Parties in perpetuity and throughout the universe any and all of MusclePharm\'s right, title, and interest, if any (including, without limitation, the rights generally known as \'moral rights\') in and to all works, including any packaging, advertising and promotional materials, and other materials based upon the Trademarks and/or Name and Appearance Rights, all of which shall, upon their creation, become and remain the property of the AS Parties.""]', '[\'if such rights comprise (i) intellectual property that constitutes predominantly communication software or related communication hardware or other technology, including without limitation, any upgrades and Improvements thereof, or (ii) any ""user"" names, and other ""user profile"" information included within the Company-Skype Branded Application (i.e., dates of birth, addresses, languages spoken, etc.), of Company-Skype Branded Customers collected as part of the registration process for the Company-Skype Branded Application (it being understood that Skype will make such user information available to Online BVI and the Company for use consistent with the applicable privacy policies and the EULA) and any database incorporating the same, then such rights shall be owned exclusively by Skype and neither Online BVI nor the Company will grant, nor claim for itself or its affiliated entities, independent contractors, or employees, either expressly or impliedly, any rights, title, interest, or licenses to such rights and each assigns to Skype, with full title guarantee, all copyrights, patents, trade marks, service marks, rights of publicity, authors\\\' rights, contract and licensing rights, goodwill and all other intellectual property rights in and to the same as may exist now and/or hereafter come into existence and arising under the laws of any jurisdiction for the entire term of such rights and all renewals, revivals and extensions thereof.\', \'The right, title and interest in and to the Company-Skype Branded Content shall be owned by Skype to the extent made up of the Skype Rights which have been integrated into the Company-Skype Branded Content, and by the Online Group to the extent made up of the Group Rights which have been integrated into the Company-Skype Branded Content.\', ""The Company and Online BVI each assign to Skype, with full title guarantee, all copyrights, patents, trade marks, service marks, rights of publicity, authors\' rights, contract and licensing rights, goodwill and all other intellectual property rights in and to the foregoing translations as may exist now and/or hereafter come into existence and arising under the laws of any jurisdiction for the entire term of such rights and all renewals, revivals and extensions thereof."", \'if such rights comprise any data specifically provided to the Group by Customers during the billing process (""Billing Data""), then such rights shall be owned exclusively by the Online Group and neither Skype nor the Company will grant, nor claim for itself or its affiliated entities, independent contractors, or employees, either expressly or impliedly, any rights, title, interest, or licenses to such rights and each assigns to Online BVI, with full title guarantee, all copyrights, patents, trade marks, service marks, rights of publicity, authors\\\' rights, contract and licensing rights, goodwill and all other intellectual property rights in and to the same as may exist now and/or hereafter come into existence and arising under the laws of any jurisdiction for the entire term of such rights and all renewals, revivals and extensions thereof.\']', '[""Conformis agrees   to assign and hereby assigns to Stryker all right, title and interest in and to all Improved Stryker Background IP in which ownership   in same has vested in<omitted>Conformis by operation of law or by assignment by its employees or consultants; and to facilitate such assignment to Stryker,   Conformis agrees (i) to regularly ensure that its employees and consultants timely make any appropriate assignments to it of that   which constitutes Improved Stryker Background IP, and (ii) at Stryker\'s reasonable request, to execute and have its employees   and consultants execute, as necessary, all assignments and any other documentation necessary to perfect title in Stryker of such   Improved Stryker Background IP."", ""Each Party to whom ownership is to vest in Joint IP by operation of law or by assignment by its employees or Agents agrees   to assign and hereby assigns to the other Party an undivided one-half right, title and interest in and to all Joint IP; and to facilitate   such assignment, the Party possessing such ownership agrees (i) to regularly ensure that its employees and consultants timely make   any appropriate assignments to it; and (ii) at the other Party\'s reasonable request, to execute and have its employees and   consultants execute, as necessary, all assignments and any other documentation to perfect the undivided one-half right, title and   interest in and to the other Party of such Joint IP.""]']"
Change Of Control,121,389,0.2372549019607843,"['[""For purposes of the preceding sentence, and without limiting its generality, any merger, consolidation or reorganization involving Licensee (regardless of whether Licensee is a surviving or disappearing entity) will be deemed to be a transfer of rights, obligations or performance under this Agreement for which Licensor\'s prior written consent is required.""]', '[\'The term of this Agreement shall be effective as of the date first stated above and shall continue for a term of three (3) years, unless terminated earlier in accordance with the provisions of this Agreement (the ""Term""); provided, however, that PrimeCall may elect to terminate this Agreement, upon thirty (30) days\\\' written notice, at any time from and after the time that collectively RSL Communications, Ltd. and/or its Affiliates holds less than fifty percent (50%) of the voting control of DeltaThree\\\'s outstanding shares.\']', '[\'For purposes of this Agreement, ""Change in Control"" means a merger or consolidation of the party with, or any sale of all or substantially all of the assets of such party to, any other person, corporation or entity, unless as a result of such merger, consolidation or sale of assets the holders of such party\\\'s voting securities prior thereto hold at least fifty percent (50%) of the total voting power represented by the voting securities of the surviving or successor corporation after such transaction.\']']"
Non-Compete,119,391,0.23333333333333334,"['[\'During the Term, (a) Women.com will not buy, sell, display, distribute advertising from (including, but not limited to, banner ads, buttons, badges, text links, hyperlinks or editorial mentions) or otherwise promote a Competitive Company on any page of the Diet Center;<omitted>(c) Women.com will not enter into a relationship with a Competitive Company that involves any of the following; (i) custom developed mini or micro web sites; (ii) content integration; (iii) discounts offered only to Women.com members on the Member Central page of the Women.com Sites; (iv) editorial endorsement (such as<omitted>""Brought to you by...."") or fixed placement of 468x60 (top) and 125x365 (side) banners within eight (8) of the Content Features selected by eDiets; and (v) anchor sponsorship in any multi-sponsor Women.com promotion.\']', '[\'Products. Any failure of Endorser to disclose such conflicting interests, or any breach of this Section, shall be deemed a material breach of the Agreement.\', ""Endorser\'s duty not to compete with the business of MusclePharm shall continue for a period of one year following the expiration or termination of this Agreement."", ""Endorser\'s duty not to compete with the business of MusclePharm shall continue for a period of one year following the expiration or termination of this Agreement. Endorser\'s non-competition obligation shall not be required in the event of a material breach of this Agreement by MusclePharm."", \'Endorser shall not use or provide endorsements or testimonials for products that compete with MusclePharm Products or the Licensed Products.\']', '[\'Notwithstanding any portion of the foregoing to the contrary, the Non-Competition Period shall terminate prior to the End Date, and for the avoidance of doubt, no party shall be obligated to comply with the restrictions set out in Section 8.1 after the termination of the Non-Competition Period:\', \'Each Party agrees that, from the Effective Date and through the three (3) month period (""Enterprise Non-Competition Period"") immediately following the date (""Enterprise Launch Date"") that Skype launches an enterprise version of the Skype Software primarily targeted for non-Consumer customers (""Enterprise Skype Software""), no Party, nor any of their respective Subsidiaries, will (i) discuss, negotiate or enter into (whether verbal or in writing) with any third Person or other third party (""Other Party"") any understanding, arrangement, or memorandum of understanding, letter of intent, agreement or any other documents (whether or not legally binding); and/or (ii) voluntarily accept or solicit any offer made by any Other Party in respect of or in relation to, (a) in the case of Skype, an enterprise co-branded Internet-based application in simplified Chinese that is focused on, and targeted primarily at, non-Consumers within the PRC, and that is substantially similar in functionality and features as the Enterprise Skype Software, and (b) in the case of Online BVI, Tom Holding and the Company, any voice over internet protocol and/or instant messaging products or services that compete or are likely to compete with the Enterprise Skype Software\', \'Each Party agrees that, for a period of five years (""Non-Competition Period"") from the Effective Date (""End Date""), no Party, nor any of their respective Affiliates, will enter into an agreement with any third party, or otherwise carry on any business, directly or indirectly, which is focused on, and targets, primarily Consumers within the PRC, and (i) in the case of Skype and Skype Holding, which provides for a co-branded Internet-based application in simplified Chinese similar in functionality and features as the Company-Skype Branded Application (as may be updated or upgraded from time to time) (and for the avoidance of doubt, a co-branded Internet-based application in simplified Chinese shall be similar in functionality and features as the Company-Skype Branded Application only in the event such application is a customized co-branded version of the Skype Software having one or more functionality or features contained in the Company-Skype Branded Application), or provides for distribution in the PRC of the Skype Software in simplified Chinese by a Primarily PRC Based Service Provider; and (ii) in the case of Online BVI, Tom Holding and the Company, which provides for any voice over internet protocol and/or instant messaging products or services that compete or are likely to compete with the Skype Software.\']']"
Notice Period To Terminate Renewal,111,399,0.21764705882352942,"[""['This Agreement may be terminated by either party at the expiration of its term or any renewal term upon thirty (30) days written notice to the other party.']"", '[""Notwithstanding the foregoing, if, at the expiry of this Agreement following the Initial Term or the Renewal Term (if any), as applicable, Licensor and Rogers have not executed a new agreement governing the VOD distribution and exhibition of Licensed Programs and Rogers (or its permitted assigns) continues to distribute and exhibit Licensed Programs on the ROD Service following such expiry, such continued distribution and exhibition shall be governed by the terms of this Agreement in effect at the time of expiry, except that each of Licensor and Rogers shall have the right, on sixty (60) days\' prior written notice, to terminate this Agreement, as so extended.""]', '[\'Thereafter, this Agreement shall renew automatically for one (1) additional three (3) year period (the ""Renewal Term"" and collectively, together with the Initial Term, the ""Term"") unless either party provides the other with written notice of non-renewal at least ninety (90) days before the expiration of the Initial Term].\']']"
Uncapped Liability,111,399,0.21764705882352942,"[""['Except with respect to any claim or liability arising from an infringement of any third party intellectual property right, in no event shall either party be liable for any special, indirect, consequential, punitive or incidental damages of any kind.']"", '[""The provisions of Section 9.1 and Section 9.2 will not apply to limit the Licensee\'s indemnification obligations under Section 8.2, or in the case of Licensee\'s gross negligence or wilful misconduct.""]', ""['EXCEPT FOR THE ABOVE INDEMNIFICATION OBLIGATIONS AND FOR BREACHES OF SECTION 14, NEITHER PARTY SHALL BE LIABLE TO THE OTHER FOR ANY INCIDENTAL, CONSEQUENTIAL, SPECIAL OR PUNITIVE DAMAGES ARISING OUT OF THIS AGREEMENT (INCLUDING, BUT NOT LIMITED TO, LOSS OF PROFITS), WHETHER IN AN ACTION OR ARISING OUT OF BREACH OF CONTRACT, TORT OR ANY OTHER CAUSE OF ACTION EVEN IF SUCH PARTY HAS BEEN ADVISED OF THE POSSIBILITY OF SUCH DAMAGES.']""]"
Covenant Not To Sue,100,410,0.19607843137254902,"['[\'At no time during the term of the Agreement or thereafter shall eDiets attack, challenge or file any application with respect to any Women.com Mark.\', \'At no time during the term of the Agreement or thereafter shall Women.com attack, challenge or file any application with respect to any eDiets Mark.\', ""Women.com acknowledges that eDiets owns all right, title and interest in and to the eDiets Content, and Women.com shall not now or in the future contest the validity of the eDiets\' ownership rights in and to the eDiets Content.""]', '[""Integrity recognizes TL\'s title to the                   TL Trademarks and will not at any time do or suffer to be done                   any act or thing which will in any way impair TL\'s rights in                   and to the TL Trademarks."", ""TL recognizes Integrity\'s title                   to the Integrity Trademarks and will not at any time do or                   suffer to be done any act or thing which will in any way                   impair Integrity\'s rights in and to the Integrity Trademarks.""]', '[""During the Term and after expiration or termination of this Agreement, MusclePharm shall not contest or otherwise challenge or attack the AS Parties\' rights in the Trademarks or Name and Appearance Rights or the validity of the license being granted herein.""]']"
Notice Period To Terminate Renewal- Answer,100,410,0.19607843137254902,"['30 days', '60 days', '90 days']"
Rofr/Rofo/Rofn,85,425,0.16666666666666666,"['[\'Should Licensee agree to be the vendor for an Additional Title, Licensor and Licensee will negotiate in good faith to mutually agree upon the pricing and terms for each Additional Title in an amendment to this Agreement.\', \'If, during the Term, Licensor develops or obtains the rights to license any live action or animated feature-length motion picture (each an ""Additional Title""), Licensor shall give Licensee the first right of negotiation for each Additional Title (i.e., the preferred vendor).\', \'Licensor will promptly provide written notice to Licensee in which Licensor lists each Additional Title.\']', '[\'eDiets shall have fifteen (15) days from the giving of such notice to agree to participate in the applicable Diet Promo upon the terms and conditions specified in the notice by giving written notice of its agreement to Women.com.\', \'During the Term, Women.com agrees to give eDiets the right of first refusal to participate in all diet and diet-counseling related promotion opportunities created or otherwise made available by Women.com on channels or sub-channels created after the Effective Date of this Agreement, including sponsorships, anchor placements and any other content integration opportunities (""Diet Promos"").\', \'eDiets.com will have the first right to substitute any of the following content features for any of the eight (8) content features selected above once inventory on such features becomes available.\', \'If Women.com proposes to create and make available Diet Promos after the Effective Date, it shall give eDiets written notice of its intention, describing the terms and conditions of participation in the Diet Promos.\']', '[\'During the Term (including any renewal Term, if any), in the event that MusclePharm shall determine to develop and introduce a new Product into the market, MusclePharm shall provide the AS Parties with a sample of the name, design, marketing plan and an actual sample of such new Product (the ""Sample"") and the AS Parties shall have a right of first refusal (exercisable by written notice to MusclePharm within 15 days after receipt of the Sample) to include such new Product in the AS Product Line, it being understood that there shall initially be no less than four (4) Products at the start of the Term and thereafter no more than 8 (eight) Products in the AS Product Line without the mutual written agreement of the parties hereto.\']']"
Volume Restriction,82,428,0.1607843137254902,"['[\'TL may purchase from Integrity limited quantities of the                   Product for its promotional use, at the Manufacturing cost set                   forth in paragraph 3(a) above, provided the quantity of such                   purchases does not exceed seven percent (7%) of the total                   royalty bearing units of such Product title purchased by TL,                   TL warrants that any units so purchased, whether or not                   labeled ""promotional only"" or cut-out, will be given away for                   purposes of promotion of the Products, and will not be sold.\']', '[\'During the Term (including any renewal Term, if any), in the event that MusclePharm shall determine to develop and introduce a new Product into the market, MusclePharm shall provide the AS Parties with a sample of the name, design, marketing plan and an actual sample of such new Product (the ""Sample"") and the AS Parties shall have a right of first refusal (exercisable by written notice to MusclePharm within 15 days after receipt of the Sample) to include such new Product in the AS Product Line, it being understood that there shall initially be no less than four (4) Products at the start of the Term and thereafter no more than 8 (eight) Products in the AS Product Line without the mutual written agreement of the parties hereto.\']', ""['During the Term of this Agreement, and for a period of two (2) years thereafter, Aucta shall not research, develop, manufacture, file, sell, market, or distribute more than two products containing the active ingredient Lamotrigine; nor will Aucta directly or indirectly assist any other Person or entity in carrying or any such activities.']""]"
Competitive Restriction Exception,76,434,0.14901960784313725,"[""['Notwithstanding the foregoing, Women.com shall be entitled to (aa) provide mini and micro web sites and Women.com promotions and sponsorships to Jenny Craig; (bb) sell, display, or distribute advertisements, including banner advertisements, newsletter placements, internet radio, commerce placements and market research, or otherwise promote Competitive Companies on pages other than the Gateway Page of the Diet Center.']"", '[""Notwithstanding the foregoing, the following will not be a breach of this Agreement: (i) Endorser\'s performance of services or appearing in the news or informational portion of any radio, TV or film or entertainment program regardless of products or services therein or sponsorship thereof; (ii) Endorser\'s participation in movies or TV programs as well as merchandising, commercial tie-ins and/or product placements utilizing Endorser, or (iii) Endorser\'s performance of services, appearance or use of his name, likeness in connection with charitable events, sports events, organizations, regardless of usage of products or services and/or sponsorship thereof."", \'Notwithstanding the foregoing or anything else contained herein, this Agreement shall not prevent or shall in any manner restrict Endorser from advertising, marketing and or endorsing products (or other companies which manufacture such products) which incidentally contain dietary supplements (including without limitation protein, vitamins, minerals, amino acids, herbs, legal performance enhancing substances) provided the primary purpose of such product or company is not to sell or market a dietary supplement.\']', ""['In the case of Skype and its Affiliates, the foregoing restrictions shall not apply:\\n\\n8.2.1 (a) (i) for the avoidance of doubt, to the operations of Skype as existing now or hereafter undertaken with respect to any non co- branded version of the Skype Software distributed by Skype except where those operations provide for distribution in the PRC of the Skype Software in simplified Chinese by a Primarily PRC Based Service Provider, or (ii) the operations of Skype customers and Affiliates under any agreement existing as of the date hereof (e.g., with HGC), or (b) to any agreement now existing or hereafter entered into with an entity that operates in multiple international markets, which may include the PRC, so long as such agreement applies to multiple territories, which may include the PRC in addition to other territories, and does not, directly or indirectly, allow or provide for distribution in the PRC of the Skype Software in simplified Chinese by a Primarily PRC Based Service Provider (other than any service provider formed for the sole purpose of performing such agreement and not operating in the PRC prior to the date of such agreement), or (c) to any (i) Affiliate Program or (ii) any agreement or activity under the Affiliate Program by or with any third party, except in the case where the Affiliate Program, directly or indirectly, allows or provides for distribution in the PRC of the Skype Software in simplified Chinese by a Primarily PRC Based Service Provider (other than any service provider formed for the sole purpose of performing such agreement and not operating in the PRC prior to the date of such agreement); or\\n\\n8.2.2 with respect to the provisions of Section 8.1.2, during any period following the expiration of the Enterprise Non-Competition Period.']""]"
Warranty Duration,75,435,0.14705882352941177,"['[""COMPANY\'S SOLE AND EXCLUSIVE LIABILITY FOR THE WARRANTY PROVIDED IN SUBPARAGRAH (A) HEREOF SHALL BE TO CORRECT THE TECHNOLOGY TO OPERATE IN SUBSTANTIAL ACCORDANCE WITH ITS THEN CURRENT SPECIFICATIONS OR REPLACE, AT ITS OPTION, THE TECHNOLOGY NOT IN COMPLIANCE WITH COMPANY\'S AND COMPANY\' PUBLISHED SPECIFICATIONS REGARDING THE TECHNOLOGY; PROVIDED, ANY CLAIM FOR BREACH OF WARRANTY UNDER SUBPARAGRAPH (A) HEREOF MUST BE MADE IN WRITING WITHIN (90) DAYS FROM DATE OF SHIPMENT.""]', ""['Within Seven (7) days of receipt of such Products, Distributor will notify Company of any shortages, defects, non-conformance, and Company will promptly replace such Products free of charge.']"", '[\'The Distributor shall have thirty (30) days (the ""Inspection Period"") upon receipt of each shipment to inspect and test the Products.\']']"
Irrevocable Or Perpetual License,70,440,0.13725490196078433,"['[\'In exchange for the Share Consideration, Licensor hereby grants to Licensee a non-exclusive, royalty-free, perpetual and non-perpetual license (subject to the duration and scope, and format limitations for which Licensor has the rights to each Title as specified in Schedule A1-A6 of Schedule A) to:\\n\\ni. license, exhibit, distribute, reproduce, transmit, perform, display, and otherwise exploit and make available each Title within the Territory in any language by VOD (including SVOD, TVOD, AVOD and free VOD) for Internet, TV and mobile platforms (including, but not limited to, OTT streaming services, Sites and Mobile Sites), subject to these limitations for each of the Title in Schedule A1-A6:\\n\\n1) For Titles listed in Schedule A1-A2:\\n\\nLicensor can only grant Licensee distribution rights to up to six (6) MSOs plus two (2) of China\\\'s Internet TV license holders or their OTT Internet-based video partners by VOD (including SVOD, TVOD, AVOD and free VOD). China\\\'s current Internet TV license holders include: CNTV (中国网络电视台/未来电视), BesTV (百视通), Wasu (华数), Southern Media Cooperation (南方传媒), Hunan TV (芒果 TV), China National Radio/Galaxy Internet TV (GITV) (银河电视), and China Radio International (中国国际 广播电台);<omitted>2) For Titles listed in Schedule A3:\\n\\nFor ""天下女人"": No satellite TV broadcasting rights granted. Titles other than ""猜 猜女人心"", ""赏深越慕"" ,  ""职场新女性挑战行动"", "" 杨澜访谈录""  (自第192期及以后的节 目),""人生相对论 "", "" 天下女人"", and ""正青春"" cannot be edited in any way;\\n\\n3) For Titles listed in Schedule A4:\\n\\nOther than the versions (dubbed or translated) in which the Titles in Schedule A4 already exist in (and were delivered in), no further dubbing, translation, or editing may be performed by any party on Schedule A4\\\'s Titles.\\n\\n4) For Titles listed in Schedule A5 (except ""Summer in February""):\\n\\nLimitations on Rights Granted: the following distribution methods are permitted: non-theatrical, public video, ship and hotel rights (all not earlier than the US theatrical release); home video rental, home video sell through, and commercial video rights (all not earlier than the US video release); cable TV (pay & free), terrestrial TV (pay & free), satellite pay TV; internet TV (pay & free), residential and non-residential pay-per-view, residential and non-residential internet pay-per-view, VOD, near VOD, and internet VOD (all no earlier than the corresponding exploitation in the USA).\', \'Sections 2(a) [License Grant], 2(b) [Sublicensing], 2(c) [Display of Titles], 2(d) [Removal of Titles], 3, and 11 shall survive the expiration or termination of this Agreement: (i) in perpetuity with respect to Titles for which the licenses granted in Section 2(a) [License Grant] are perpetual; and (ii) for the duration of the applicable license term specified in Schedule A with respect to Titles for which the license term specified in Schedule A extends beyond the expiration or termination of this Agreement.\']', ""['ExxonMobil grants FCE a worldwide, non-exclusive, royalty-free, perpetual, irrevocable (except as stated in Paragraphs 12.03 (Failure to Perform), 12.04 (Other Termination), and 12.05 (Bankruptcy)), sub-licensable, non-transferable (except pursuant to Article 14 (Assignment)), right and license to practice Program Results solely for Power Applications and Hydrogen Applications.', 'ExxonMobil grants FCE a worldwide, non-exclusive, royalty-free, non-sub- licensable (except as set forth herein), perpetual, irrevocable (except as stated in Paragraphs 12.03 (Failure to Perform), 12.04 (Other Termination), and 12.05 (Bankruptcy)), non-transferable (except pursuant to Article 14 (Assignment)) right and license to practice ExxonMobil Background Information and ExxonMobil Background Patents for Generation 1 Technology in Carbon Capture Applications, solely to conduct Authorized Work with Authorized Third Parties.', 'ExxonMobil grants FCE a worldwide, non-exclusive, royalty-free, non-sub-licensable (except as set forth herein), perpetual, irrevocable (except as stated in Paragraphs 12.03 (Failure to Perform), 12.04 (Other Termination), and 12.05 (Bankruptcy)), non- transferable (except pursuant to Article 14 (Assignment)) right and license to practice ExxonMobil Background Information and ExxonMobil Background Patents for Generation 2 Technology in Power Applications and Hydrogen Applications.', 'ExxonMobil grants FCE a worldwide, non-exclusive, royalty- free, non-sub-licensable (except as set forth herein), perpetual, irrevocable (except as stated in Paragraphs 12.03 (Failure to Perform), 12.04 (Other Termination), and 12.05 (Bankruptcy)), non- transferable (except pursuant to Article 14 (Assignment)) right and license to practice ExxonMobil Background Information and ExxonMobil Background Patents for Generation 1 Technology in any applications outside of Carbon Capture Applications.', 'To the extent not already granted pursuant to the License Agreement, FCE grants ExxonMobil and its Affiliates a worldwide, non-exclusive, royalty-free, irrevocable, perpetual, sub-licensable, non-transferable (except pursuant to Article 14 (Assignment)) right and license to practice FCE Background Information and FCE Background Patents for Generation 2 Technology in Carbon Capture Applications and Hydrogen Applications.']"", '[""IBM grants Customer an irrevocable, nonexclusive, worldwide, paid-up license to use, execute, reproduce, display, and perform copies of such Materials and distribute within Customer\'s Affiliates only.""]']"
Liquidated Damages,61,449,0.11960784313725491,"[""['In case of violation of this article, the Party shall pay to the other Party an equivalent of eighteen (18) months gross salary of the respective employee.']"", '[""If any such action occurs and results in an employee accepting employment with the other Party, the Party with whom the employee accepts employment agrees to pay to the other Party as liquidated damages, an amount equal to two times that particular individual\'s annual salary and bonus.""]', ""['COMPANY will pay JHU a fee equal one percent (1%) of the Aggregate Consideration received by the COMPANY, or the total amount received by stockholders of COMPANY, upon the occurrence of a Liquidity Event.']""]"
Affiliate License-Licensee,59,451,0.11568627450980393,"[""['Producer further grants to ConvergTV the right and license to Distribute the Program on any ConvergTV channel, and/or other distribution outlets, that exists today or that is created or developed in the future and this right includes the right to Distribute on any channels of a ConvergTV affiliate and/or other distribution outlets without limitation.']"", ""['Notwithstanding the foregoing, upon the prior written approval of Skype, which approval may be withheld in its sole discretion, the Company shall be permitted to sublicense its rights hereunder to a wholly-owned Subsidiary, a majority-owned Subsidiary of Tom Holding, or to an unaffiliated third party distributor or reseller, for the same purpose and under the same terms and conditions as the license set forth herein.', 'Notwithstanding the foregoing, upon the prior written approval of Online BVI, which approval may be withheld in its sole discretion, the Company shall be permitted to sublicense its rights hereunder to a wholly-owned Subsidiary of the Company or a majority-owned Subsidiary of Tom Holding, for the same purpose and under the same terms and conditions as the license set forth herein.']"", '[\'Except as specifically provided in the Distribution Agreement, Conformis shall be prohibited from   developing or assisting another in developing, or causing another to develop, Patient-Specific Instrumentation for Off-The-Shelf   Knee Implants for any Third Party in the field of orthopedics until January 1, 2032 (or earlier, to the extent set forth in Section   2.3.3.4 or Section 2.3.5 of the Distribution Agreement), with the exception that Conformis (including any entity involved in a   Change of Control of Conformis, any such entity an ""Acquirer""), may develop Patient-Specific Instrumentation for any Off-The-   Shelf Implants of Conformis, an Acquirer or any of their Affiliates.\']']"
No-Solicit Of Employees,59,451,0.11568627450980393,"[""['Without the prior written consent of the other Party, a Party shall not at any time while this Agreement is in force and for a one-year period after termination of this Agreement either for itself or on behalf of any other company solicit, induce or cause any employee of the other Party or any Affiliated Company of this other Party who has been a representative of or employed by the other Party in connection with this Agreement to leave such employment.']"", ""['Each Party agrees that during the term of this Agreement and for a period of twelve (12) consecutive months thereafter they shall not, directly, solicit, engage, compensate, induce in any way or hire for employment or other representation, any officer, employee, consultant or other representative employed or retained by the other Party or assist any other person or entity to do any of the foregoing.']"", ""['The Contractor and the Customer will not be allowed to employ employees of the other party, directly or indirectly, for one (1) year from the date the employee has ceased to be employed by the other party.']""]"
Joint Ip Ownership,46,464,0.09019607843137255,"[""['The parties hereby agree that the                   copyright in the Product sound recording compilation will be                   jointly registered by Integrity in the names of Integrity                   and TL.', 'TL will trademark the series name in joint                   names of TL and Integrity.']"", '[\'if such rights comprise (i) analysis prepared for or on behalf of the Parties as participants in the Company-Skype Branded Application, or (ii) any intellectual property right co-developed by the Parties, or (iii) of any Support Information, or (iv) any data as specifically provided to Skype or the Online Group by Company-Skype Branded Customers (""Joint Data""), other than that set forth in Sections 4.2.3.2.1 and 4.2.3.2.2 above and other than any Group Rights or Skype Rights, then such rights shall be jointly owned by the Parties, and may be exploited by any Party in accordance with this Agreement, and outside of this Agreement to the extent such exploitation would not, (x) in the case of Online BVI, violate or infringe upon the Skype Rights, (y) in the case of Skype, violate or infringe upon the Group Rights, or (z) in the case of the Company, violate or infringe upon the Group Rights or the Skype Rights.\']', '[\'All right, title and interest in and to the Improved Conformis Background IP and KIB Product IP (""Joint IP"") shall be   owned jointly by the Parties.\', ""Each Party to whom ownership is to vest in Joint IP by operation of law or by assignment by its employees or Agents agrees   to assign and hereby assigns to the other Party an undivided one-half right, title and interest in and to all Joint IP; and to facilitate   such assignment, the Party possessing such ownership agrees (i) to regularly ensure that its employees and consultants timely make   any appropriate assignments to it; and (ii) at the other Party\'s reasonable request, to execute and have its employees and   consultants execute, as necessary, all assignments and any other documentation to perfect the undivided one-half right, title and   interest in and to the other Party of such Joint IP."", \'Subject to the limitations set forth in this Agreement, the Joint IP may be used freely by either Party or   its Affiliates and licensed to Third Parties by Conformis and its Affiliates, on the one hand, outside of the Buyer Field or by Stryker   and its Affiliates, on the other hand, within the Buyer Field, in each case, without the consent of, or duty to account to or notify, the   other Party, but, except with respect to external licenses of the Improved Conformis Background IP by Conformis or its Affiliates   to Third Parties, any external Third Party license shall be governed in accordance with the last sentence of Section 4.3(c) of the   APA.\']']"
Non-Disparagement,38,472,0.07450980392156863,"[""['Company shall not specify the business practices of MA, nor regulate the manner in which MA shall operate its business, provided that MA (a) conducts business in a manner that reflects favorably at all times on the Technology sold and the good name, goodwill and reputation of Company and its affiliates<omitted>']"", '[""Distributor shall not do anything which is contrary to or which in Erchonia\'s reasonable business judgment is harmful to its honor, goodwill or reputation.""]', '[""Franchisee shall not do anything or suffer anything to be done which may adversely affect any rights of Franchisor in and to any Franchisor Property, or any registrations thereof or which, directly or indirectly, may<omitted>disparage or detract from Franchisor\'s reputation.""]']"
No-Solicit Of Customers,34,476,0.06666666666666667,"['[""The Company shall not contact any of Distributor\'s Customer\'s for any reason, without the prior written approval of Distributor.""]', '[""In the event that the Agreement is terminated pursuant to Section           16.a.v. due to e-centives\' acquisition by an Excite@Home Named           Competitor, or by an entity controlling or controlled by an           Excite@Home Named Competitor, e-centives or its assigns or designates           may not contact any Users for whom User Data has been provided           pursuant to this Agreement, excluding those that have opted out in           accordance with Section 5(a) of Exhibit D."", \'Application Provider may not use Payment-Eligible User Data to                solicit User traffic to www.e-centives.com or any other                co-branded version of www.e-centives.com with the intent of                driving such Users away from using the Co-Branded Application.\', \'Application Provider will not solicit any Excite@Home Member on             behalf of any Excite@Home Named Competitor during the Term of this             Agreement or thereafter.\']', ""['During the Term of this Agreement, and for a period of one year thereafter, except as expressly provided in this Agreement, PlanetCAD shall not market any services to Customers without the prior written approval of Dassault Systemes.']""]"
Third Party Beneficiary,32,478,0.06274509803921569,"[""['All AT&T Affiliates receiving Material or Services under this Agreement and the federal government of the United States shall be express third party beneficiaries under this Agreement.']"", ""['Ehave shall be a third party beneficiary hereunder, but shall not have any obligations to the End User thereunder.']"", ""['iPass and its suppliers shall be deemed to be third-party beneficiaries of this agreement, with the right to enforce the terms of this agreement.']""]"
Most Favored Nation,28,482,0.054901960784313725,"['[\'In the event that Licensor grants to another VOD or Pay-Per-View (""PPV"") service provider in the U.S. or the Territory the right to distribute or exhibit any Licensed Program on an earlier availability date, then Licensor shall also grant to Rogers the right to distribute and exhibit such Licensed Program on such earlier availability date, on the terms provided herein.\', \'If Licensor enters, or has entered, into an agreement or series of agreements (including side letters, understandings or arrangements, whether oral or written, whether formal or informal, whether now or hereafter effective, or whether on a long-term basis or short-term basis) with a third party for the distribution and exhibition of Licensed Programs in the U.S. or the Territory on a VOD basis, or any other basis that permits the downloading of such Licensed Programs and the subsequent viewing of such Licensed Programs by a residential subscriber, on terms (including, without limitation, license fees, copyright royalty payments, encoding fees and obligations, and marketing support) that are more favourable than those contained in this Agreement, then Rogers has the right to incorporate, or substitute, as the case may be, such term or terms into this Agreement, effective as of the date on which such term or terms were accorded to the third party and for the balance of the period such term or terms are applicable to such third party.\', \'Licensor shall provide to Rogers, no later than February 28 in each year, a sworn statement of a senior officer of Licensor, or a certificate of the auditors of Licensor, confirming that, during the immediately preceding calendar year, Licensor did not enter into such an agreement or series of agreements or, if it did enter into such agreement(s), confirming the effective date thereof and identifying the terms contained therein that are more favourable than those contained in this Agreement.\']', '[\'If for any reason, Integrity and TL are subject to lower ""free                   goods"" limits by any third party license, the foregoing shall                   be adjusted to comply with any such license(s).\']', '[""The Company will, and Online BVI will cause the Company to, use its commercially reasonable efforts to make available and promote the Online Group\'s existing payment processing and customer billing and payment gateway methods for the purchase of Skype premium features by Company-Skype Branded Customers, including, without limitation, prepaid card distribution networks, vouchers and mobile payment methods, provided, that all payment processing and customer billing and payment gateway charges for such payment methods are on terms that are as or more favourable than the most favourable pricing and terms for such services otherwise provided at the applicable time by any member of the Online Group, and provided further that such pricing and terms have first been mutually approved in writing by the Parties.""]']"
Affiliate License-Licensor,23,487,0.045098039215686274,"[""['Skype further agrees that in the event that, prior to such time as the Company-Skype Branded Application is updated or upgraded to include the Mobile Technology, Skype or any of its Affiliates makes available to Skype users a new software product which allows access to services available through the Skype Software but on or through mobile communication devices (but in any event excluding Skype Zones), it will license that software product to the Company and Online BVI on the terms and conditions set forth in this Agreement with respect to the Skype Software and the Company-Skype Branded Application customized therefrom, and references to the Skype Software in this Agreement shall be deemed to include such software product.']"", '[\'Hence, as of the Distribution Date, Honeywell hereby grants, and agrees to cause the members of the Honeywell Group to hereby grant, to SpinCo and the members of the SpinCo Group a non-exclusive, royalty-free, fully-paid, perpetual, sublicenseable (solely to Subsidiaries and suppliers for ""have-made"" purposes), worldwide license to use and exercise rights under the Honeywell Shared IP (excluding Trademarks, the Honeywell Content and the subject matter of any other Ancillary Agreement), said license being limited to use of a similar type, scope and extent as used in the SpinCo Business prior to the Distribution Date and the natural growth and development thereof.\', ""Notwithstanding Section 3.01, Honeywell hereby grants, and agrees to cause the members of the Honeywell Group to hereby grant, to SpinCo and the members of the SpinCo Group, for a period of ten (10) years after the Distribution Date (unless earlier terminated in accordance with Section 3.03(c)), a non-exclusive, royalty-free, fully-paid, non-sublicenseable, non-transferable, worldwide license to use and reproduce the Honeywell Content solely for the SpinCo Group\'s internal business purposes.""]', '[\'Customer hereby grants to Manufacturer a non-exclusive license during the Term to use any Customer Property and Customer-Owned Improvements and Developments solely in connection with Manufacturer performing its obligations under this Agreement or the Facility Addendum in accordance with the terms hereof or thereof, as applicable\', \'""Customer Property"" means all Intellectual Property, together with all materials, data, writings and other property in any form whatsoever, which is (a) owned or controlled by Customer or its Affiliates as of and following the Effective Date and (b) provided to Manufacturer by or on behalf of Customer or its Personnel under this Agreement.\']']"
Unlimited/All-You-Can-Eat-License,17,493,0.03333333333333333,"[""['Multiple viewings of the Licensed Program shall be permitted during the Viewing Period for no additional fee and all such viewings shall be considered a single exhibition of the Licensed Program for the purposes of calculating License Fees hereunder.']"", '[\'License Term Perpetual, unlimited runs x Other: 2 years Commencing: November 15, 2012\', \'Producer further grants to ConvergTV the right and license to Distribute the Program on any ConvergTV channel, and/or other distribution outlets, that exists today or that is created or developed in the future and this right includes the right to Distribute on any channels of a ConvergTV affiliate and/or other distribution outlets without limitation.\', \'For the License Term and within the Licensed Territory, Producer hereby grants to ConvergTV a right and license to Distribute the program, file or video listed on the Deal Terms above (the ""Program"") consisting of<omitted>episodes (series) or<omitted>one-offs, for unlimited runs for the License Term through ConvergTV channels and/or other distribution outlets, in accordance with the License Rights.\']', ""['During the Term, Naked shall have the right in the Territory to the unlimited broadcast use and re-use of the Commercial Materials in the Territory', 'During the first Contract Year, Wade will be available for (i) one production day for the purpose of creating marketing assets for Naked Products for unlimited use in advertisements and the media and (ii) one production day for creating marketing assets for Wade Products and Naked Products for unlimited use in advertisements and the media, each as permitted herein.', 'Beginning in the second Contract Year, Wade will be available for a maximum of one (1) production day for creating marketing assets for Wade Products and Naked Products for unlimited use in advertisements and the media, for a maximum of three (3) consecutive hours, not including scheduled breaks, during such production day period.']""]"
Price Restrictions,15,495,0.029411764705882353,"[""['Following the Initial Term, Women.com shall have the right, upon no fewer than sixty (60) days prior written notice to eDiets, to increase the amount of the Payment Schedule; provided, that (i) Women.com may not increase the Payment Schedule more than once in any period of twelve (12) consecutive months; and (ii) such increase may not exceed twenty percent (20%) of the then current Payment Schedule.']"", '[""Such Prices and Volume Discount Prices shall only be subject to increase once per year on each anniversary date of this Agreement, provided (i) Company provides Distributor with at least Ninety (90) days prior written notice of any such increase, and (ii) such increase does not exceed 5% of the preceding year\'s Prices, except for reasons of force majeure, (Chapter 10), and Volume Discount Prices nor the lowest price charged to others for the same Product."", ""Subject to Company\'s right to increase the price only once per year per the terms and restrictions contained in the Agreement, and Company\'s right to decrease the price at any time upon notice, the Products shall be sold by Company to Distributor at the following Prices and Volume Discount Prices.""]', ""['VOTOCAST will give Licensee at least thirty (30) days prior written notice of any rate changes during any Renewal Term.', 'VOTOCAST expressly reserves the right to change its rates charged hereunder for the Services during any Renewal Term (as detined herein) but agrees that rates may not increase by more than ten percent (10%) during any Renewal Term.', 'If circumstances require VOTOCAST to raise its rates more than ten percent (10%) during any Renewal Term, VOTOCAST will provide Licensee cost related supporting documentation to justify the rate increase.']""]"
Source Code Escrow,13,497,0.025490196078431372,"['[""In connection with the exercise of CHT\'s rights under the Escrow Agreement, Ehave hereby grants to CHT a non- exclusive, non-transferable (except as set forth in Section 20(f)), right and license to use and copy the materials deposited with the Escrow Agent, including the Source Code, its Specifications and documentation, and any resulting corrections, repairs, translations, enhancements, and other derivative works and improvements made by CHT, for the sole purposes of providing to CHT the ability to operate, support and maintain, the Ehave Companion Solution for its End Users from time to time, until such time that CHT is able to migrate off the Ehave Companion Solution, but in any event not exceeding twelve months from the date of release of the materials from escrow."", \'The parties acknowledge and agree that a ""Release Condition"" for purposes of the Escrow Agreement shall be deemed to mean any one or more of the following listed events (in addition to any other event specified as a release condition under the Escrow Agreement): (i) Ehave makes a general assignment for the benefit of creditors; (ii) Ehave voluntarily institutes any bankruptcy, insolvency, reorganization, moratorium, arrangement, readjustment or debt, dissolution, liquidation or similar proceeding relating to it under the laws of any jurisdiction, or any such proceeding is instituted against Ehave and is not dismissed within sixty (60) Business Days; or any judgment, writ, warrant or attachment or execution of similar process is issued or levied against a substantial part of Ehave\\\'s property and remains unsatisfied for sixty (60) Business Days; or Ehave applies for or consents to the appointment of any receiver, trustee or similar officer for it or for all or any substantial part of its property; or such receiver, trustee or similar officer is appointed without the consent of Ehave; (iii) Ehave consents to the filing of a petition of bankruptcy against it; (iv) a petition of bankruptcy is filed against Ehave which is not discharged within sixty (60) days; (v) Ehave becomes or is adjudicated by a court of competent jurisdiction as being bankrupt or insolvent or admits in writing its inability to pay its debts as they mature; Ehave ceases doing business as a going concern; (vi) Ehave undergoes a change of control or is a party to a merger or amalgamation; (vii) Ehave takes steps to dissolve, liquidate, wind up or otherwise terminate its existence; (viii) Ehave has terminated its provision of or ceased to provide the Ehave Companion Solution or support services for a continuing period of fifteen (15) Business Days or more, except pursuant to the termination of this Agreement by Ehave in accordance with its rights contained hrein.\', \'CHT expressly agrees, however, that CHT shall not exercise any of the foregoing right and license unless and until CHT obtains such Source Code from the Escrow Agent.\', \'Upon release of the Source Code by the Escrow Agent to CHT pursuant to the terms and conditions of the Escrow Agreement, Ehave hereby warrants that such Source Code and other materials are and will be the then current version of the Software as used by CHT in its provision to End Users of the eEhave Companion Solution under the Subscription Agreements and that Ehave shall throughout the Term keep the Source Code so deposited with the Escrow Agent current by periodically submitting material updates to the Escrow Agent from time to time, as necessary.\', \'Concurrently with execution of this Agreement or, at CHT\\\'s option, as soon as practicable after the Effective Date but in no event later than CHT\\\'s acceptance of and the launch of the Ehave Companion Solution, CHT and Ehave shall enter into a Source Code Escrow Agreement with a reputable software escrow agent mutually acceptable to the Parties (""Escrow Agent""), in or substantially in the form attached hereto as Schedule ""7"", or otherwise in a form acceptable to the Parties, acting reasonably, and to the Escrow Agent (the ""Escrow Agreement""), providing for the release of the Source Code for the Software, as modified pursuant to Section 3 and all necessary programming documentation, utilities and tools used by Ehave to maintain the Software and to compile the source code into object code (excluding third party utilities and tools licensed by Ehave for which Ehave has not been granted the right to sublicense or otherwise make available such utilities and tools to third parties without additional charge, but including such information as necessary for CHT to obtain licenses to and obtain such third party utilities and tools), all in its then-existing form, to CHT, in the certain circumstances expressly stated in Section 12(b).\']', '[\'M&I shall be responsible for the cost of maintaining and updating the source code escrow including any fees to be\\n\\n\\n\\n\\n\\npaid to DSI.\', \'M&I has entered into a Master Preferred Escrow Agreement (""Escrow Agreement"") with Data Securities International, Inc. (""DSI""), Account no. 1309046-0001, pursuant to which M&I has deposited with DSI the source code for the IBS Licensed Software (the ""IBS Software"").\', ""In the event Customer obtains a copy of the source code pursuant to Section 23.4 above, Customer (or its designee) shall use the source code during the term of the license granted herein solely for Customer\'s own internal processing and computing needs and to process the Customer Data, but shall not (1) distribute, sell, transfer, assign or sublicense the source code or any parts thereof to any third party, (2) use the source code in any manner to provide service bureau, time sharing or other computer services to third parties, or (3) use any portion of the source code to process data under any application or functionality other than those applications or functionalities which were being provided by M&I to Customer at the time Customer became entitled to receive a copy of the source code."", ""M&I hereby grants to Customer a non-exclusive, non-transferable license, through the end of the Term, to use the source code (including the right to make modifications thereto) on the terms and conditions set forth in this Article 23, upon payment of the then current license fees and the occurrence of the following events:\\n\\n     A.   M&I ceases to do business or refuses to provide the Services to Customer; or\\n\\n     B.   A voluntary or involuntary petition is commenced by or against M&I under any federal or state bankruptcy law, or a trustee in bankruptcy fails to timely assume this Agreement as an executory contract, or a substantial part of M&I\'s property or assets become subject to levy or seizure by any creditor and, in the case of an involuntary petition, the same is not dismissed within sixty (60) days after filing."", \'M&I agrees that Customer shall have the right to obtain a copy of the source code for the IBS Software pursuant to the terms and conditions of this Article 23.\']', '[\'Until a Release Condition (as defined in Section 8.6) occurs and the conditions of Section 8.7 have been satisfied, Bank of America shall not permit access to or use of the Source Code, except as expressly provided herein.\', \'Bank of America may temporarily release the Source Code for this purpose only, but all copies of the Source Code shall be returned to the designated storage location as soon as the verification is completed.\', \'Bank of America shall reproduce in all copies of the Source Code made by Bank of America any proprietary or confidentiality notices contained in the Source Code when originally delivered by Supplier.\', \'Bank of America shall establish a secure receptacle in which it shall place the Source Code and shall put the receptacle under supervision of one or more of its officers, whose identity shall be available to Supplier at all times.\', \'Bank of America shall notify Supplier of the dates on which any such verification will be conducted, and the results thereof.\', \'Supplier grants Bank of America the right to duplicate the Source Code only as necessary to preserve and safely store the Source Code and as expressly permitted in this Section.\', \'Any or the following events shall be Release Conditions for purposes of this Section: (a) Supplier defaults on any of its maintenance obligations herein; (b) Supplier ceases to provide maintenance for the Software; (c) Supplier ceases doing business in the ordinary course, files or has filed against it a petition under bankruptcy Code, becomes insolvent or has a receiver appointed for all or a substantial part of its business; or (d) Bank of America terminates this Agreement for cause pursuant to the terms hereof.\', ""If a Release Condition has occurred, Bank of America may immediately release the Source Code for the purposes described in Section 8.8, following the issuance of a written statement to Supplier by Bank of America\'s executive management, stating that a Release Condition has occurred."", \'With each delivery of Software to Bank of America hereunder, Supplier shall deliver to Bank of America the Source Code for all Software and for all Updates, Upgrades and new releases of the Software.\', \'Upon delivery of the Source Code to Bank of America by Supplier, including in connection with any Upgrade, Update or new release, Bank of America shall have the right to verify the Source Code for accuracy, completeness and sufficiency, and to confirm that it compiles to the pertinent object code of the Software.\']']"
