document,non_empty_text_clause_fields,empty_text_clause_fields,non_empty_text_clause_share
CybergyHoldingsInc_20140520_10-Q_EX-10.27_8605784_EX-10.27_Affiliate Agreement.pdf,11,26,0.2972972972972973
EuromediaHoldingsCorp_20070215_10SB12G_EX-10.B(01)_525118_EX-10.B(01)_Content License Agreement.pdf,14,23,0.3783783783783784
FulucaiProductionsLtd_20131223_10-Q_EX-10.9_8368347_EX-10.9_Content License Agreement.pdf,9,28,0.24324324324324326
GopageCorp_20140221_10-K_EX-10.1_8432966_EX-10.1_Content License Agreement.pdf,13,24,0.35135135135135137
IdeanomicsInc_20160330_10-K_EX-10.26_9512211_EX-10.26_Content License Agreement.pdf,10,27,0.2702702702702703
DeltathreeInc_19991102_S-1A_EX-10.19_6227850_EX-10.19_Co-Branding Agreement_ Service Agreement.pdf,6,31,0.16216216216216217
EdietsComInc_20001030_10QSB_EX-10.4_2606646_EX-10.4_Co-Branding Agreement.pdf,17,20,0.4594594594594595
IntegrityMediaInc_20010329_10-K405_EX-10.17_2373875_EX-10.17_Co-Branding Agreement.pdf,12,25,0.32432432432432434
MusclepharmCorp_20170208_10-KA_EX-10.38_9893581_EX-10.38_Co-Branding Agreement.pdf,19,18,0.5135135135135135
TomOnlineInc_20060501_20-F_EX-4.46_749700_EX-4.46_Co-Branding Agreement.pdf,20,17,0.5405405405405406
ConformisInc_20191101_10-Q_EX-10.6_11861402_EX-10.6_Development Agreement.pdf,13,24,0.35135135135135137
EtonPharmaceuticalsInc_20191114_10-Q_EX-10.1_11893941_EX-10.1_Development Agreement.pdf,15,22,0.40540540540540543
FuelcellEnergyInc_20191106_8-K_EX-10.1_11868007_EX-10.1_Development Agreement.pdf,17,20,0.4594594594594595
ReedsInc_20191113_10-Q_EX-10.4_11888303_EX-10.4_Development Agreement.pdf,8,29,0.21621621621621623
FuseMedicalInc_20190321_10-K_EX-10.43_11575454_EX-10.43_Distributor Agreement.pdf,11,26,0.2972972972972973
GentechHoldingsInc_20190808_1-A_EX1A-6 MAT CTRCT_11776814_EX1A-6 MAT CTRCT_Distributor Agreement.pdf,14,23,0.3783783783783784
ImineCorp_20180725_S-1_EX-10.5_11275970_EX-10.5_Distributor Agreement.pdf,11,26,0.2972972972972973
InnerscopeHearingTechnologiesInc_20181109_8-K_EX-10.6_11419704_EX-10.6_Distributor Agreement.pdf,13,24,0.35135135135135137
WaterNowInc_20191120_10-Q_EX-10.12_11900227_EX-10.12_Distributor Agreement.pdf,15,22,0.40540540540540543
GridironBionutrientsInc_20171206_8-K_EX-10.2_10972556_EX-10.2_Endorsement Agreement.pdf,2,35,0.05405405405405406
EcoScienceSolutionsInc_20171117_8-K_EX-10.1_10956472_EX-10.1_Endorsement Agreement.pdf,10,27,0.2702702702702703
NakedBrandGroupInc_20150731_POS AM (on S-1)_EX-10.75_9196027_EX-10.75_Endorsement Agreement.pdf,14,23,0.3783783783783784
RgcResourcesInc_20151216_8-K_EX-10.3_9372751_EX-10.3_Franchise Agreement.pdf,2,35,0.05405405405405406
SimplicityEsportsGamingCompany_20181130_8-K_EX-10.1_11444071_EX-10.1_Franchise Agreement.pdf,13,24,0.35135135135135137
Freecook_20180605_S-1_EX-10.3_11233807_EX-10.3_Hosting Agreement.pdf,3,34,0.08108108108108109
PareteumCorp_20081001_8-K_EX-99.1_2654808_EX-99.1_Hosting Agreement.pdf,10,27,0.2702702702702703
VitalibisInc_20180316_8-K_EX-10.2_11100168_EX-10.2_Hosting Agreement.pdf,13,24,0.35135135135135137
QuantumGroupIncFl_20090120_8-K_EX-99.2_3672910_EX-99.2_Hosting Agreement.pdf,12,25,0.32432432432432434
CerenceInc_20191002_8-K_EX-10.4_11827494_EX-10.4_Intellectual Property Agreement.pdf,12,25,0.32432432432432434
GarrettMotionInc_20181001_8-K_EX-2.4_11364532_EX-2.4_Intellectual Property Agreement.pdf,13,24,0.35135135135135137
RareElementResourcesLtd_20171019_SC 13D_EX-99.4_10897534_EX-99.4_Intellectual Property Agreement.pdf,10,27,0.2702702702702703
ArtaraTherapeuticsInc_20200110_8-K_EX-10.5_11943350_EX-10.5_License Agreement.pdf,14,23,0.3783783783783784
GpaqAcquisitionHoldingsInc_20200123_S-4A_EX-10.6_11951677_EX-10.6_License Agreement.pdf,16,21,0.43243243243243246
CytodynInc_20200109_10-Q_EX-10.5_11941634_EX-10.5_License Agreement.pdf,19,18,0.5135135135135135
VirtuosoSurgicalInc_20191227_1-A_EX1A-6 MAT CTRCT_11933379_EX1A-6 MAT CTRCT_License Agreement.pdf,14,23,0.3783783783783784
AtnInternationalInc_20191108_10-Q_EX-10.1_11878541_EX-10.1_Maintenance Agreement.pdf,16,21,0.43243243243243246
BloomEnergyCorp_20180321_DRSA (on S-1)_EX-10_11240356_EX-10_Maintenance Agreement.pdf,11,26,0.2972972972972973
HerImports_20161018_8-KA_EX-10.14_9765707_EX-10.14_Maintenance Agreement.pdf,2,35,0.05405405405405406
InmodeLtd_20190729_F-1A_EX-10.9_11743243_EX-10.9_Manufacturing Agreement.pdf,14,23,0.3783783783783784
NeuroboPharmaceuticalsInc_20190903_S-4_EX-10.36_11802165_EX-10.36_Manufacturing Agreement_ Supply Agreement.pdf,4,33,0.10810810810810811
KitovPharmaLtd_20190326_20-F_EX-4.15_11584449_EX-4.15_Manufacturing Agreement.pdf,18,19,0.4864864864864865
UpjohnInc_20200121_10-12G_EX-2.6_11948692_EX-2.6_Manufacturing Agreement_ Supply Agreement.pdf,20,17,0.5405405405405406
CcRealEstateIncomeFundadv_20181205_POS 8C_EX-99.(H)(3)_11447739_EX-99.(H)(3)_Marketing Agreement.pdf,5,32,0.13513513513513514
EmmisCommunicationsCorp_20191125_8-K_EX-10.6_11906433_EX-10.6_Marketing Agreement.pdf,4,33,0.10810810810810811
TodosMedicalLtd_20190328_20-F_EX-4.10_11587157_EX-4.10_Marketing Agreement_ Reseller Agreement.pdf,19,18,0.5135135135135135
VertexEnergyInc_20200113_8-K_EX-10.1_11943624_EX-10.1_Marketing Agreement.pdf,10,27,0.2702702702702703
XpresspaGroupInc_20190401_10-K_EX-10.28_11599457_EX-10.28_Marketing Agreement.pdf,19,18,0.5135135135135135
FerroglobePlc_20150624_F-4A_EX-10.20_9154746_EX-10.20_Outsourcing Agreement.pdf,6,31,0.16216216216216217
ImperialGardenResortInc_20161028_DRS (on F-1)_EX-10.13_9963189_EX-10.13_Outsourcing Agreement.pdf,2,35,0.05405405405405406
ParatekPharmaceuticalsInc_20170505_10-KA_EX-10.29_10323872_EX-10.29_Outsourcing Agreement.pdf,18,19,0.4864864864864865
PhotronicsInc_20171219_10-QA_EX-10.28_10982650_EX-10.28_Outsourcing Agreement.pdf,4,33,0.10810810810810811
ExactSciencesCorp_20180822_8-K_EX-10.1_11331629_EX-10.1_Promotion Agreement.pdf,18,19,0.4864864864864865
DovaPharmaceuticalsInc_20181108_10-Q_EX-10.2_11414857_EX-10.2_Promotion Agreement.pdf,21,16,0.5675675675675675
VnueInc_20150914_8-K_EX-10.1_9259571_EX-10.1_Promotion Agreement.pdf,4,33,0.10810810810810811
SigaTechnologiesInc_20190603_8-K_EX-10.1_11695818_EX-10.1_Promotion Agreement.pdf,19,18,0.5135135135135135
BravatekSolutionsInc_20170418_8-K_EX-10.1_10205739_EX-10.1_Reseller Agreement.pdf,9,28,0.24324324324324326
HealthcareIntegratedTechnologiesInc_20190812_8-K_EX-10.1_11776966_EX-10.1_Reseller Agreement.pdf,11,26,0.2972972972972973
EhaveInc_20190515_20-F_EX-4.44_11678816_EX-4.44_License Agreement_ Reseller Agreement.pdf,20,17,0.5405405405405406
SalesforcecomInc_20171122_10-Q_EX-10.1_10961535_EX-10.1_Reseller Agreement.pdf,1,36,0.02702702702702703
IpassInc_20181203_8-K_EX-99.1_11445874_EX-99.1_Reseller Agreement.pdf,14,23,0.3783783783783784
GpaqAcquisitionHoldingsInc_20200123_S-4A_EX-10.8_11951679_EX-10.8_Service Agreement.pdf,13,24,0.35135135135135137
IntegrityFunds_20200121_485BPOS_EX-99.E UNDR CONTR_11948727_EX-99.E UNDR CONTR_Service Agreement.pdf,6,31,0.16216216216216217
ReynoldsConsumerProductsInc_20200121_S-1A_EX-10.22_11948918_EX-10.22_Service Agreement.pdf,10,27,0.2702702702702703
VerizonAbsLlc_20200123_8-K_EX-10.4_11952335_EX-10.4_Service Agreement.pdf,9,28,0.24324324324324326
ArcGroupInc_20171211_8-K_EX-10.1_10976103_EX-10.1_Sponsorship Agreement.pdf,2,35,0.05405405405405406
AlliedEsportsEntertainmentInc_20190815_8-K_EX-10.34_11788308_EX-10.34_Sponsorship Agreement.pdf,11,26,0.2972972972972973
EcoScienceSolutionsInc_20180406_8-K_EX-10.1_11135398_EX-10.1_Sponsorship Agreement.pdf,4,33,0.10810810810810811
AgapeAtpCorp_20191202_10-KA_EX-10.1_11911128_EX-10.1_Supply Agreement.pdf,15,22,0.40540540540540543
FreezeTagInc_20180411_8-K_EX-10.1_11139603_EX-10.1_Sponsorship Agreement.pdf,9,28,0.24324324324324326
LohaCompanyltd_20191209_F-1_EX-10.16_11917878_EX-10.16_Supply Agreement.pdf,4,33,0.10810810810810811
ReynoldsConsumerProductsInc_20191115_S-1_EX-10.18_11896469_EX-10.18_Supply Agreement.pdf,7,30,0.1891891891891892
WestPharmaceuticalServicesInc_20200116_8-K_EX-10.1_11947529_EX-10.1_Supply Agreement.pdf,8,29,0.21621621621621623
HertzGroupRealtyTrustInc_20190920_S-11A_EX-10.8_11816941_EX-10.8_Trademark License Agreement.pdf,9,28,0.24324324324324326
ArconicRolledProductsCorp_20191217_10-12B_EX-2.7_11923804_EX-2.7_Trademark License Agreement.pdf,9,28,0.24324324324324326
MorganStanleyDirectLendingFund_20191119_10-12GA_EX-10.5_11898508_EX-10.5_Trademark License Agreement.pdf,12,25,0.32432432432432434
NmfSlfIInc_20200115_10-12GA_EX-10.5_11946987_EX-10.5_Trademark License Agreement.pdf,10,27,0.2702702702702703
PalmerSquareCapitalBdcInc_20200116_10-12GA_EX-10.6_11949289_EX-10.6_Trademark License Agreement.pdf,8,29,0.21621621621621623
PenntexMidstreamPartnersLp_20150416_S-1A_EX-10.4_9042833_EX-10.4_Transportation Agreement.pdf,11,26,0.2972972972972973
TcPipelinesLp_20160226_10-K_EX-99.12_9454048_EX-99.12_Transportation Agreement.pdf,3,34,0.08108108108108109
RangeResourcesLouisianaInc_20150417_8-K_EX-10.5_9045501_EX-10.5_Transportation Agreement.pdf,10,27,0.2702702702702703
ZtoExpressCaymanInc_20160930_F-1_EX-10.10_9752871_EX-10.10_Transportation Agreement.pdf,3,34,0.08108108108108109
AudibleInc_20001113_10-Q_EX-10.32_2599586_EX-10.32_Co-Branding Agreement_ Marketing Agreement_ Investment Distribution Agreement.pdf,18,19,0.4864864864864865
2ThemartComInc_19990826_10-12G_EX-10.10_6700288_EX-10.10_Co-Branding Agreement_ Agency Agreement.pdf,15,22,0.40540540540540543
EmbarkComInc_19991008_S-1A_EX-10.10_6487661_EX-10.10_Co-Branding Agreement.pdf,9,28,0.24324324324324326
HealthcentralCom_19991108_S-1A_EX-10.27_6623292_EX-10.27_Co-Branding Agreement.pdf,15,22,0.40540540540540543
ImpresseCorp_20000322_S-1A_EX-10.11_5199234_EX-10.11_Co-Branding Agreement.pdf,14,23,0.3783783783783784
EbixInc_20010515_10-Q_EX-10.3_4049767_EX-10.3_Co-Branding Agreement.pdf,14,23,0.3783783783783784
InvendaCorp_20000828_S-1A_EX-10.2_2588206_EX-10.2_Co-Branding Agreement.pdf,19,18,0.5135135135135135
MphaseTechnologiesInc_20030911_10-K_EX-10.15_1560667_EX-10.15_Co-Branding Agreement.pdf,7,30,0.1891891891891892
LeadersonlineInc_20000427_S-1A_EX-10.8_4991089_EX-10.8_Co-Branding Agreement.pdf,15,22,0.40540540540540543
NeoformaInc_19991202_S-1A_EX-10.26_5224521_EX-10.26_Co-Branding Agreement.pdf,18,19,0.4864864864864865
PaperexchangeComInc_20000322_S-1A_EX-10.4_5202103_EX-10.4_Co-Branding Agreement.pdf,20,17,0.5405405405405406
RaeSystemsInc_20001114_10-Q_EX-10.57_2631790_EX-10.57_Co-Branding Agreement.pdf,13,24,0.35135135135135137
RandWorldwideInc_20010402_8-KA_EX-10.2_2102464_EX-10.2_Co-Branding Agreement.pdf,16,21,0.43243243243243246
TheglobeComInc_19990503_S-1A_EX-10.20_5416126_EX-10.20_Co-Branding Agreement.pdf,14,23,0.3783783783783784
StampscomInc_20001114_10-Q_EX-10.47_2631630_EX-10.47_Co-Branding Agreement.pdf,14,23,0.3783783783783784
CreditcardscomInc_20070810_S-1_EX-10.33_362297_EX-10.33_Affiliate Agreement.pdf,6,31,0.16216216216216217
DigitalCinemaDestinationsCorp_20111220_S-1_EX-10.10_7346719_EX-10.10_Affiliate Agreement.pdf,23,14,0.6216216216216216
LinkPlusCorp_20050802_8-K_EX-10_3240252_EX-10_Affiliate Agreement.pdf,10,27,0.2702702702702703
SouthernStarEnergyInc_20051202_SB-2A_EX-9_801890_EX-9_Affiliate Agreement.pdf,6,31,0.16216216216216217
SteelVaultCorp_20081224_10-K_EX-10.16_3074935_EX-10.16_Affiliate Agreement.pdf,8,29,0.21621621621621623
UnionDentalHoldingsInc_20050204_8-KA_EX-10_3345577_EX-10_Affiliate Agreement.pdf,3,34,0.08108108108108109
TubeMediaCorp_20060310_8-K_EX-10.1_513921_EX-10.1_Affiliate Agreement.pdf,20,17,0.5405405405405406
UsioInc_20040428_SB-2_EX-10.11_1723988_EX-10.11_Affiliate Agreement 2.pdf,13,24,0.35135135135135137
BizzingoInc_20120322_8-K_EX-10.17_7504499_EX-10.17_Endorsement Agreement.pdf,12,25,0.32432432432432434
BerkshireHillsBancorpInc_20120809_10-Q_EX-10.16_7708169_EX-10.16_Endorsement Agreement.pdf,12,25,0.32432432432432434
GridironBionutrientsInc_20171206_8-K_EX-10.1_10972555_EX-10.1_Endorsement Agreement.pdf,12,25,0.32432432432432434
LegacyEducationAllianceInc_20141110_8-K_EX-10.9_8828866_EX-10.9_Endorsement Agreement.pdf,10,27,0.2702702702702703
LifewayFoodsInc_20160316_10-K_EX-10.24_9489766_EX-10.24_Endorsement Agreement.pdf,10,27,0.2702702702702703
PerformanceSportsBrandsInc_20110909_S-1_EX-10.10_7220214_EX-10.10_Endorsement Agreement.pdf,12,25,0.32432432432432434
PharmagenInc_20120803_8-KA_EX-10.1_7693204_EX-10.1_Endorsement Agreement.pdf,8,29,0.21621621621621623
PrudentialBancorpInc_20170606_8-K_EX-10.4_10474434_EX-10.4_Endorsement Agreement.pdf,4,33,0.10810810810810811
ThriventVariableInsuranceAccountB_20190701_N-6_EX-99.D(IV)_11720968_EX-99.D(IV)_Endorsement Agreement.pdf,2,35,0.05405405405405406
ArcaUsTreasuryFund_20200207_N-2_EX-99.K5_11971930_EX-99.K5_Development Agreement.pdf,5,32,0.13513513513513514
AimmuneTherapeuticsInc_20200205_8-K_EX-10.3_11967170_EX-10.3_Development Agreement.pdf,21,16,0.5675675675675675
CnsPharmaceuticalsInc_20200326_8-K_EX-10.1_12079626_EX-10.1_Development Agreement.pdf,4,33,0.10810810810810811
ClickstreamCorp_20200330_1-A_EX1A-6 MAT CTRCT_12089935_EX1A-6 MAT CTRCT_Development Agreement.pdf,12,25,0.32432432432432434
CoherusBiosciencesInc_20200227_10-K_EX-10.29_12021376_EX-10.29_Development Agreement.pdf,22,15,0.5945945945945946
ElPolloLocoHoldingsInc_20200306_10-K_EX-10.16_12041700_EX-10.16_Development Agreement.pdf,11,26,0.2972972972972973
EmeraldHealthBioceuticalsInc_20200218_1-A_EX1A-6 MAT CTRCT_11987205_EX1A-6 MAT CTRCT_Development Agreement.pdf,10,27,0.2702702702702703
HarpoonTherapeuticsInc_20200312_10-K_EX-10.18_12051356_EX-10.18_Development Agreement.PDF,21,16,0.5675675675675675
IbioInc_20200313_8-K_EX-10.1_12052678_EX-10.1_Development Agreement.pdf,9,28,0.24324324324324326
HfEnterprisesInc_20191223_S-1_EX-10.22_11931299_EX-10.22_Development Agreement.pdf,11,26,0.2972972972972973
LegacyEducationAllianceInc_20200330_10-K_EX-10.18_12090678_EX-10.18_Development Agreement.pdf,20,17,0.5405405405405406
LiquidmetalTechnologiesInc_20200205_8-K_EX-10.1_11968198_EX-10.1_Development Agreement.pdf,19,18,0.5135135135135135
NlsPharmaceuticsLtd_20200228_F-1_EX-10.14_12029046_EX-10.14_Development Agreement.pdf,13,24,0.35135135135135137
PhasebioPharmaceuticalsInc_20200330_10-K_EX-10.21_12086810_EX-10.21_Development Agreement.pdf,18,19,0.4864864864864865
RevolutionMedicinesInc_20200117_S-1_EX-10.1_11948417_EX-10.1_Development Agreement.pdf,21,16,0.5675675675675675
RitterPharmaceuticalsInc_20200313_S-4A_EX-10.54_12055220_EX-10.54_Development Agreement.pdf,20,17,0.5405405405405406
VgrabCommunicationsInc_20200129_10-K_EX-10.33_11958828_EX-10.33_Development Agreement.pdf,5,32,0.13513513513513514
ChinaRealEstateInformationCorp_20090929_F-1_EX-10.32_4771615_EX-10.32_Content License Agreement.pdf,11,26,0.2972972972972973
AlliedEsportsEntertainmentInc_20190815_8-K_EX-10.19_11788293_EX-10.19_Content License Agreement.pdf,15,22,0.40540540540540543
DataCallTechnologies_20060918_SB-2A_EX-10.9_944510_EX-10.9_Content License Agreement.pdf,9,28,0.24324324324324326
GlobalTechnologiesGroupInc_20050928_10KSB_EX-10.9_4148808_EX-10.9_Content License Agreement.pdf,9,28,0.24324324324324326
IdeanomicsInc_20151124_8-K_EX-10.2_9354744_EX-10.2_Content License Agreement.pdf,9,28,0.24324324324324326
MidwestEnergyEmissionsCorp_20080604_8-K_EX-10.2_3093976_EX-10.2_Content License Agreement.pdf,12,25,0.32432432432432434
PacificapEntertainmentHoldingsInc_20051115_8-KA_EX-1.01_4300894_EX-1.01_Content License Agreement.pdf,9,28,0.24324324324324326
PhoenixNewMediaLtd_20110421_F-1_EX-10.17_6958322_EX-10.17_Content License Agreement.pdf,9,28,0.24324324324324326
RemarkHoldingsInc_20081114_10-Q_EX-10.24_2895649_EX-10.24_Content License Agreement.pdf,16,21,0.43243243243243246
WatchitMediaInc_20061201_8-K_EX-10.1_4148672_EX-10.1_Content License Agreement.pdf,3,34,0.08108108108108109
XinhuaSportsEntertainmentLtd_20070221_F-1_EX-99.4_645553_EX-99.4_Content License Agreement.pdf,8,29,0.21621621621621623
WebmdHealthCorp_20050908_S-1A_EX-10.7_1027007_EX-10.7_Content License Agreement.pdf,7,30,0.1891891891891892
ScansourceInc_20190509_10-Q_EX-10.2_11661422_EX-10.2_Distributor Agreement.pdf,2,35,0.05405405405405406
ScansourceInc_20190822_10-K_EX-10.39_11793959_EX-10.39_Distributor Agreement.pdf,1,36,0.02702702702702703
PrecheckHealthServicesInc_20200320_8-K_EX-99.2_12070169_EX-99.2_Distributor Agreement.pdf,7,30,0.1891891891891892
SmartRxSystemsInc_20180914_1-A_EX1A-6 MAT CTRCT_11351705_EX1A-6 MAT CTRCT_Distributor Agreement.pdf,13,24,0.35135135135135137
StaarSurgicalCompany_20180801_10-Q_EX-10.37_11289449_EX-10.37_Distributor Agreement.pdf,17,20,0.4594594594594595
ZogenixInc_20190509_10-Q_EX-10.2_11663313_EX-10.2_Distributor Agreement.pdf,20,17,0.5405405405405406
ArmstrongFlooringInc_20190107_8-K_EX-10.2_11471795_EX-10.2_Intellectual Property Agreement.pdf,12,25,0.32432432432432434
GluMobileInc_20070319_S-1A_EX-10.09_436630_EX-10.09_Content License Agreement1.pdf,18,19,0.4864864864864865
GluMobileInc_20070319_S-1A_EX-10.09_436630_EX-10.09_Content License Agreement2.pdf,7,30,0.1891891891891892
GluMobileInc_20070319_S-1A_EX-10.09_436630_EX-10.09_Content License Agreement3.pdf,3,34,0.08108108108108109
GluMobileInc_20070319_S-1A_EX-10.09_436630_EX-10.09_Content License Agreement4.pdf,1,36,0.02702702702702703
LejuHoldingsLtd_20140121_DRS (on F-1)_EX-10.26_8473102_EX-10.26_Content License Agreement1.pdf,11,26,0.2972972972972973
LejuHoldingsLtd_20140121_DRS (on F-1)_EX-10.26_8473102_EX-10.26_Content License Agreement2.pdf,2,35,0.05405405405405406
PapaJohnsInternationalInc_20190617_8-K_EX-10.1_11707365_EX-10.1_Endorsement Agreement.pdf,17,20,0.4594594594594595
PfHospitalityGroupInc_20150923_10-12G_EX-10.1_9266710_EX-10.1_Franchise Agreement3.pdf,5,32,0.13513513513513514
PfHospitalityGroupInc_20150923_10-12G_EX-10.1_9266710_EX-10.1_Franchise Agreement1.pdf,21,16,0.5675675675675675
PlayboyEnterprisesInc_20090220_10-QA_EX-10.2_4091580_EX-10.2_Content License Agreement_ Marketing Agreement_ Sales-Purchase Agreement1.pdf,22,15,0.5945945945945946
PlayboyEnterprisesInc_20090220_10-QA_EX-10.2_4091580_EX-10.2_Content License Agreement_ Marketing Agreement_ Sales-Purchase Agreement2.pdf,3,34,0.08108108108108109
ScansourceInc_20190822_10-K_EX-10.38_11793958_EX-10.38_Distributor Agreement1.pdf,16,21,0.43243243243243246
ScansourceInc_20190822_10-K_EX-10.38_11793958_EX-10.38_Distributor Agreement2.pdf,9,28,0.24324324324324326
PelicanDeliversInc_20200211_S-1_EX-10.3_11975895_EX-10.3_Development Agreement2.pdf,8,29,0.21621621621621623
PelicanDeliversInc_20200211_S-1_EX-10.3_11975895_EX-10.3_Development Agreement1.pdf,1,36,0.02702702702702703
BellringBrandsInc_20190920_S-1_EX-10.12_11817081_EX-10.12_Manufacturing Agreement1.pdf,7,30,0.1891891891891892
BellringBrandsInc_20190920_S-1_EX-10.12_11817081_EX-10.12_Manufacturing Agreement2.pdf,2,35,0.05405405405405406
BellringBrandsInc_20190920_S-1_EX-10.12_11817081_EX-10.12_Manufacturing Agreement4.pdf,1,36,0.02702702702702703
BellringBrandsInc_20190920_S-1_EX-10.12_11817081_EX-10.12_Manufacturing Agreement3.pdf,1,36,0.02702702702702703
SLINGERBAGINC_05_27_2020-EX-10.7-CONSULTING AGREEMENT.PDF,6,31,0.16216216216216217
"KIROMICBIOPHARMA,INC_05_11_2020-EX-10.23-CONSULTING AGREEMENT.PDF",10,27,0.2702702702702703
SPHERE3DCORP_06_24_2020-EX-10.12-CONSULTING AGREEMENT.PDF,5,32,0.13513513513513514
GLOBALTECHNOLOGIESLTD_06_08_2020-EX-10.16-CONSULTING AGREEMENT.PDF,4,33,0.10810810810810811
EMERALDHEALTHTHERAPEUTICSINC_06_10_2020-EX-4.5-CONSULTING AGREEMENT - DR. GAETANO MORELLO N.D. INC..PDF,4,33,0.10810810810810811
"MEDALISTDIVERSIFIEDREIT,INC_05_18_2020-EX-10.1-CONSULTING AGREEMENT.PDF",15,22,0.40540540540540543
"DRIVENDELIVERIES,INC_05_22_2020-EX-10.4-CONSULTING AGREEMENT.PDF",12,25,0.32432432432432434
"ADUROBIOTECH,INC_06_02_2020-EX-10.7-CONSULTING AGREEMENT.PDF",5,32,0.13513513513513514
PANDIONTHERAPEUTICSHOLDCOLLC_05_22_2020-EX-10.17-CONSULTING AGREEMENT.PDF,11,26,0.2972972972972973
"CORALGOLDRESOURCES,LTD_05_28_2020-EX-4.1-CONSULTING AGREEMENT.PDF",10,27,0.2702702702702703
MRSFIELDSORIGINALCOOKIESINC_01_29_1998-EX-10-FRANCHISE AGREEMENT.PDF,24,13,0.6486486486486487
"ADUROBIOTECH,INC_06_02_2020-EX-10.7-CONSULTING AGREEMENT(1).PDF",7,30,0.1891891891891892
CENTRACKINTERNATIONALINC_10_29_1999-EX-10.3-WEB SITE HOSTING AGREEMENT.PDF,6,31,0.16216216216216217
WEBHELPCOMINC_03_22_2000-EX-10.8-HOSTING AGREEMENT.PDF,10,27,0.2702702702702703
BANGIINC_05_25_2005-EX-10-Premium Managed Hosting Agreement.PDF,1,36,0.02702702702702703
DYNTEKINC_07_30_1999-EX-10-ONLINE HOSTING AGREEMENT.PDF,8,29,0.21621621621621623
REGANHOLDINGCORP_03_31_2008-EX-10-LICENSE AND HOSTING AGREEMENT.PDF,9,28,0.24324324324324326
BUFFALOWILDWINGSINC_06_05_1998-EX-10.3-FRANCHISE AGREEMENT.PDF,23,14,0.6216216216216216
BONTONSTORESINC_04_20_2018-EX-99.3-AGENCY AGREEMENT.PDF,10,27,0.2702702702702703
"ATHENSBANCSHARESCORP_11_02_2009-EX-1.2-AGENCY AGREEMENT , 2009.PDF",6,31,0.16216216216216217
"XACCT Technologies, Inc.SUPPORT AND MAINTENANCE AGREEMENT.PDF",5,32,0.13513513513513514
WELLSFARGOMORTGAGEBACKEDSECURITIES2006-6TRUST_05_11_2006-EX-10.3-Yield Maintenance Agreement.PDF,4,33,0.10810810810810811
NETZEEINC_11_14_2002-EX-10.3-MAINTENANCE AGREEMENT.PDF,3,34,0.08108108108108109
IMAGEWARESYSTEMSINC_12_20_1999-EX-10.22-MAINTENANCE AGREEMENT.PDF,7,30,0.1891891891891892
ABILITYINC_06_15_2020-EX-4.25-SERVICES AGREEMENT.PDF,5,32,0.13513513513513514
AULAMERICANUNITTRUST_04_24_2020-EX-99.8.77-SERVICING AGREEMENT.PDF,5,32,0.13513513513513514
CUROGROUPHOLDINGSCORP_05_04_2020-EX-10.3-SERVICING AGREEMENT.PDF,6,31,0.16216216216216217
BLACKSTONEGSOLONG-SHORTCREDITINCOMEFUND_05_11_2020-EX-99.(K)(1)-SERVICE AGREEMENT.PDF,7,30,0.1891891891891892
"OAKTREECAPITALGROUP,LLC_03_02_2020-EX-10.8-Services Agreement.PDF",6,31,0.16216216216216217
"PAXMEDICA,INC_07_02_2020-EX-10.12-Master Service Agreement.PDF",8,29,0.21621621621621623
MERITLIFEINSURANCECO_06_19_2020-EX-10.(XIV)-MASTER SERVICES AGREEMENT.PDF,11,26,0.2972972972972973
PFSFUNDS_06_26_2020-EX-99.H OTH MAT CONT-SERVICES AGREEMENT.PDF,6,31,0.16216216216216217
SCOUTCAMINC_05_12_2020-EX-10.22-SERVICES AGREEMENT.PDF,7,30,0.1891891891891892
TALCOTTRESOLUTIONLIFEINSURANCECO-SEPARATEACCOUNTTWELVE_04_30_2020-EX-99.8(L)-SERVICE AGREEMENT.PDF,6,31,0.16216216216216217
TRANSMONTAIGNEPARTNERSLLC_03_13_2020-EX-10.9-SERVICES AGREEMENT.PDF,4,33,0.10810810810810811
WPPPLC_04_30_2020-EX-4.28-SERVICE AGREEMENT.PDF,9,28,0.24324324324324326
BICYCLETHERAPEUTICSPLC_03_10_2020-EX-10.11-SERVICE AGREEMENT.PDF,10,27,0.2702702702702703
NYLIACVARIABLEANNUITYSEPARATEACCOUNTIII_04_10_2020-EX-99.8.KK-SERVICE AGREEMENT.PDF,4,33,0.10810810810810811
RISEEDUCATIONCAYMANLTD_04_17_2020-EX-4.23-SERVICE AGREEMENT.PDF,5,32,0.13513513513513514
OPERALTD_04_30_2020-EX-4.14-SERVICE AGREEMENT.PDF,7,30,0.1891891891891892
"SOLUTIONSVENDINGINTERNATIONAL,INC_03_31_2020-EX1A-1 UNDR AGMT-SERVICES AGREEMENT.PDF",1,36,0.02702702702702703
"THERAVANCEBIOPHARMA,INC_05_08_2020-EX-10.2-SERVICE AGREEMENT.PDF",8,29,0.21621621621621623
DOMINIADVISORTRUST_02_18_2005-EX-99.(H)(2)-SPONSORSHIP AGREEMENT.PDF,5,32,0.13513513513513514
"CANOPETROLEUM,INC_12_13_2007-EX-10.1-Sponsorship Agreement.PDF",4,33,0.10810810810810811
"HALITRON,INC_03_01_2005-EX-10.15-SPONSORSHIP AND DEVELOPMENT AGREEMENT.PDF",11,26,0.2972972972972973
GAINSCOINC_01_21_2010-EX-10.41-SPONSORSHIP AGREEMENT.PDF,9,28,0.24324324324324326
"IPAYMENT,INC_05_14_2007-EX-10.1-SPONSORSHIP AGREEMENT.PDF",11,26,0.2972972972972973
LOOKSMARTLTD_07_20_2012-EX-99.(D)(I)-SPONSORSHIP AGREEMENT.PDF,3,34,0.08108108108108109
STAMPSCOMINC_06_24_1999-EX-10.18-SPONSORSHIP AGREEMENT.PDF,13,24,0.35135135135135137
VIOLINMEMORYINC_12_12_2012-EX-10.14-SPONSORSHIP AGREEMENT.PDF,12,25,0.32432432432432434
XYBERNAUTCORP_07_12_2002-EX-4-SPONSORSHIP AGREEMENT.PDF,8,29,0.21621621621621623
"CURAEGISTECHNOLOGIES,INC_05_26_2010-EX-1-CORPORATE SPONSORSHIP AGREEMENT.PDF",7,30,0.1891891891891892
DRKOOPCOMINC_04_21_1999-EX-10.28-SPONSORSHIP AGREEMENT.PDF,8,29,0.21621621621621623
GSVINC_05_15_1998-EX-10-SPONSORSHIP AGREEMENT.PDF,9,28,0.24324324324324326
IVILLAGEINC_03_17_1999-EX-10.16-SPONSORSHIP AGREEMENT.PDF,13,24,0.35135135135135137
LOGANSROADHOUSEINC_03_27_1998-EX-10.17-SPONSORSHIP AGREEMENT.PDF,6,31,0.16216216216216217
MERCATAINC_03_09_2000-EX-10.21-SPONSORSHIP AGREEMENT.PDF,4,33,0.10810810810810811
HYDRONTECHNOLOGIESINC_03_31_1997-EX-10.47-SPONSORSHIP AGREEMENT.PDF,6,31,0.16216216216216217
N2KINC_10_16_1997-EX-10.16-SPONSORSHIP AGREEMENT.PDF,14,23,0.3783783783783784
"XLITECHNOLOGIES,INC_12_11_2015-EX-10.1-Sponsorship Agreement.PDF",5,32,0.13513513513513514
VITAMINSHOPPECOMINC_09_13_1999-EX-10.26-SPONSORSHIP AGREEMENT.PDF,6,31,0.16216216216216217
ASPIRITYHOLDINGSLLC_05_07_2012-EX-10.6-OUTSOURCING AGREEMENT.PDF,11,26,0.2972972972972973
BNLFINANCIALCORP_03_30_2007-EX-10.8-OUTSOURCING AGREEMENT.PDF,14,23,0.3783783783783784
CCAINDUSTRIESINC_04_14_2014-EX-10.1-OUTSOURCING AGREEMENT.PDF,14,23,0.3783783783783784
ELANDIAINTERNATIONALINC_04_25_2007-EX-10.21-Outsourcing Agreement.PDF,10,27,0.2702702702702703
NICELTD_06_26_2003-EX-4.5-OUTSOURCING AGREEMENT.PDF,13,24,0.35135135135135137
SYKESHEALTHPLANSERVICESINC_04_24_1998-EX-10.14-OUTSOURCING AGREEMENT.PDF,8,29,0.21621621621621623
TRICITYBANKSHARESCORP_05_15_1998-EX-10-OUTSOURCING AGREEMENT.PDF,15,22,0.40540540540540543
OFGBANCORP_03_28_2007-EX-10.23-OUTSOURCING AGREEMENT.PDF,17,20,0.4594594594594595
DRAGONSYSTEMSINC_01_08_1999-EX-10.17-OUTSOURCING AGREEMENT.PDF,6,31,0.16216216216216217
HUBEIMINKANGPHARMACEUTICALLTD_09_19_2006-EX-10.1-OUTSOURCING AGREEMENT.PDF,5,32,0.13513513513513514
MANUFACTURERSSERVICESLTD_06_05_2000-EX-10.14-OUTSOURCING AGREEMENT.PDF,18,19,0.4864864864864865
NEXSTARFINANCEHOLDINGSINC_03_27_2002-EX-10.26-OUTSOURCING AGREEMENT.PDF,11,26,0.2972972972972973
"OASYSMOBILE,INC_07_05_2001-EX-10.17-OUTSOURCING AGREEMENT.PDF",13,24,0.35135135135135137
"UNITEDNATIONALBANCORP_03_03_1999-EX-99-Outsourcing Agreement with the BISYS Group, Inc..PDF",1,36,0.02702702702702703
ASIANDRAGONGROUPINC_08_11_2005-EX-10.5-Reseller Agreement.PDF,9,28,0.24324324324324326
LOYALTYPOINTINC_11_16_2004-EX-10.2-RESELLER AGREEMENT.PDF,11,26,0.2972972972972973
MTITECHNOLOGYCORP_11_16_2004-EX-10.102-Reseller Agreement Premier Addendum.PDF,9,28,0.24324324324324326
"OMINTO,INC_03_29_2004-EX-10-RESELLER AGREEMENT.PDF",11,26,0.2972972972972973
AzulSa_20170303_F-1A_EX-10.3_9943903_EX-10.3_Maintenance Agreement2.pdf,2,35,0.05405405405405406
AzulSa_20170303_F-1A_EX-10.3_9943903_EX-10.3_Maintenance Agreement1.pdf,12,25,0.32432432432432434
CardlyticsInc_20180112_S-1_EX-10.16_11002987_EX-10.16_Maintenance Agreement2.pdf,1,36,0.02702702702702703
CardlyticsInc_20180112_S-1_EX-10.16_11002987_EX-10.16_Maintenance Agreement3.pdf,1,36,0.02702702702702703
CardlyticsInc_20180112_S-1_EX-10.16_11002987_EX-10.16_Maintenance Agreement4.pdf,4,33,0.10810810810810811
CardlyticsInc_20180112_S-1_EX-10.16_11002987_EX-10.16_Maintenance Agreement1.pdf,19,18,0.5135135135135135
OLDAPIWIND-DOWNLTD_01_08_2016-EX-1.3-AGENCY AGREEMENT1.pdf,6,31,0.16216216216216217
OLDAPIWIND-DOWNLTD_01_08_2016-EX-1.3-AGENCY AGREEMENT2.pdf,1,36,0.02702702702702703
MEDIWOUNDLTD_01_15_2014-EX-10.6-SUPPLY AGREEMENT.PDF,12,25,0.32432432432432434
SEASPINEHOLDINGSCORP_10_10_2018-EX-10.1-SUPPLY AGREEMENT.PDF,15,22,0.40540540540540543
PROFOUNDMEDICALCORP_08_29_2019-EX-4.5-SUPPLY AGREEMENT.PDF,12,25,0.32432432432432434
"GRIDIRONBIONUTRIENTS,INC_02_05_2020-EX-10.3-SUPPLY AGREEMENT.PDF",4,33,0.10810810810810811
"BELLICUMPHARMACEUTICALS,INC_05_07_2019-EX-10.1-Supply Agreement.PDF",14,23,0.3783783783783784
FLOTEKINDUSTRIESINCCN_05_09_2019-EX-10.1-SUPPLY AGREEMENT.PDF,8,29,0.21621621621621623
GRANTIERRAENERGYINC_05_07_2012-EX-10.6-TRANSPORTATION CONTRACT.PDF,9,28,0.24324324324324326
ATMOSENERGYCORP_11_22_2002-EX-10.17-TRANSPORTATION SERVICE AGREEMENT.PDF,7,30,0.1891891891891892
DYNAMEXINC_06_06_1996-EX-10.4-TRANSPORTATION SERVICES AGREEMENT.PDF,14,23,0.3783783783783784
MPLXLP_06_17_2015-EX-10.1-TRANSPORTATION SERVICES AGREEMENT.PDF,13,24,0.35135135135135137
CHAPARRALRESOURCESINC_03_30_2000-EX-10.66-TRANSPORTATION CONTRACT.PDF,7,30,0.1891891891891892
KENTUCKYUTILITIESCO_03_25_2003-EX-10.65-TRANSPORTATION AGREEMENT.PDF,5,32,0.13513513513513514
MACROGENICSINC_08_02_2013-EX-10-COLLABORATION AGREEMENT.PDF,16,21,0.43243243243243246
CHINARECYCLINGENERGYCORP_11_14_2013-EX-10.6-Cooperation Agreement.PDF,4,33,0.10810810810810811
IDREAMSKYTECHNOLOGYLTD_07_03_2014-EX-10.39-Cooperation Agreement on Mobile Game Business.PDF,7,30,0.1891891891891892
TUNIUCORP_03_06_2014-EX-10-COOPERATION AGREEMENT.PDF,9,28,0.24324324324324326
SENMIAOTECHNOLOGYLTD_02_19_2019-EX-10.5-Collaboration Agreement.PDF,9,28,0.24324324324324326
"BERKELEYLIGHTS,INC_06_26_2020-EX-10.12-COLLABORATION AGREEMENT.PDF",25,12,0.6756756756756757
PREMIERBIOMEDICALINC_05_14_2020-EX-10.2-INTELLECTUAL PROPERTY AGREEMENT.PDF,6,31,0.16216216216216217
"MIDDLEBROOKPHARMACEUTICALS,INC_03_18_2010-EX-10.1-PROMOTION AGREEMENT.PDF",11,26,0.2972972972972973
"ASHWORTHINC_01_29_1999-EX-10.(D)-PROMOTION AGREEMENT AND NANTZ COMMUNICATIONS, INC..PDF",11,26,0.2972972972972973
ON4COMMUNICATIONSINC_07_02_2009-EX-10.1-PROMOTION AGREEMENT.PDF,5,32,0.13513513513513514
"WHITESMOKE,INC_11_08_2011-EX-10.26-PROMOTION AND DISTRIBUTION AGREEMENT.PDF",9,28,0.24324324324324326
GOCALLINC_03_30_2000-EX-10.7-Promotion Agreement.PDF,10,27,0.2702702702702703
QBIOMEDINC_04_08_2020-EX-99.1-JOINT FILING AGREEMENT.PDF,1,36,0.02702702702702703
ACCELERATEDTECHNOLOGIESHOLDINGCORP_04_24_2003-EX-10.13-JOINT VENTURE AGREEMENT.PDF,5,32,0.13513513513513514
"MFAFINANCIAL,INC_07_06_2020-EX-99.D-JOINT FILING AGREEMENT.PDF",1,36,0.02702702702702703
"TALLGRASSENERGY,LP_02_20_2020-EX-99.26-JOINT FILING AGREEMENT.PDF",1,36,0.02702702702702703
"GALERATHERAPEUTICS,INC_02_14_2020-EX-99.A-JOINT FILING AGREEMENT.PDF",1,36,0.02702702702702703
CHIPMOSTECHNOLOGIESBERMUDALTD_04_18_2016-EX-4.72-Strategic Alliance Agreement.PDF,4,33,0.10810810810810811
"SIBANNAC,INC_12_04_2017-EX-2.1-Strategic Alliance Agreement.PDF",8,29,0.21621621621621623
PLAYAHOTELS&RESORTSNV_03_14_2017-EX-10.22-STRATEGIC ALLIANCE AGREEMENT (Hyatt Ziva Cancun).PDF,4,33,0.10810810810810811
ALLISONTRANSMISSIONHOLDINGSINC_12_15_2014-EX-99.1-COOPERATION AGREEMENT.PDF,4,33,0.10810810810810811
XENCORINC_10_25_2013-EX-10.24-COLLABORATION AGREEMENT (3).PDF,16,21,0.43243243243243246
IMMUNOMEDICSINC_08_07_2019-EX-10.1-PROMOTION AGREEMENT.PDF,17,20,0.4594594594594595
IGENEBIOTECHNOLOGYINC_05_13_2003-EX-1-JOINT VENTURE AGREEMENT.PDF,12,25,0.32432432432432434
RMRGROUPINC_01_22_2020-EX-99.1-JOINT FILING AGREEMENT.PDF,1,36,0.02702702702702703
"MJBIOTECH,INC_12_06_2018-EX-99.01-JOINT VENTURE AGREEMENT.PDF",9,28,0.24324324324324326
"ONEMAINHOLDINGS,INC_02_20_2020-EX-99.D-JOINT FILING AGREEMENT.PDF",1,36,0.02702702702702703
"MACY'S,INC_05_11_2020-EX-99.4-JOINT FILING AGREEMENT.PDF",1,36,0.02702702702702703
BLACKROCKMUNIHOLDINGSINVESTMENTQUALITYFUND_04_07_2020-EX-99.01-JOINT FILING AGREEMENT.PDF,1,36,0.02702702702702703
NELNETINC_04_08_2020-EX-1-JOINT FILING AGREEMENT.PDF,1,36,0.02702702702702703
"VIRGINGALACTICHOLDINGS,INC_04_08_2020-EX-99.1-JOINT FILING STATEMENT.PDF",1,36,0.02702702702702703
"PRECIGEN,INC_01_22_2020-EX-99.1-JOINT FILING AGREEMENT.PDF",1,36,0.02702702702702703
"SPRINGBANKPHARMACEUTICALS,INC_04_08_2020-EX-99.A-JOINT FILING AGREEMENT.PDF",1,36,0.02702702702702703
ATENTOSA_07_06_2020-EX-99.1-JOINT FILING AGREEMENT.PDF,1,36,0.02702702702702703
CYBERIANOUTPOSTINC_07_09_1998-EX-10.13-PROMOTION AGREEMENT.PDF,11,26,0.2972972972972973
KINGPHARMACEUTICALSINC_08_09_2006-EX-10.1-PROMOTION AGREEMENT.PDF,17,20,0.4594594594594595
"KNOWLABS,INC_08_15_2005-EX-10-INTELLECTUAL PROPERTY AGREEMENT.PDF",6,31,0.16216216216216217
INGEVITYCORP_05_16_2016-EX-10.5-INTELLECTUAL PROPERTY AGREEMENT.PDF,11,26,0.2972972972972973
"BABCOCK_WILCOXENTERPRISES,INC_08_04_2015-EX-10.17-INTELLECTUAL PROPERTY AGREEMENT between THE BABCOCK _ WILCOX COMPANY and BABCOCK _ WILCOX ENTERPRISES, INC..PDF",14,23,0.3783783783783784
PcquoteComInc_19990721_S-1A_EX-10.11_6377149_EX-10.11_Co-Branding Agreement2.pdf,1,36,0.02702702702702703
PcquoteComInc_19990721_S-1A_EX-10.11_6377149_EX-10.11_Co-Branding Agreement3.pdf,1,36,0.02702702702702703
PcquoteComInc_19990721_S-1A_EX-10.11_6377149_EX-10.11_Co-Branding Agreement1.pdf,5,32,0.13513513513513514
SoupmanInc_20150814_8-K_EX-10.1_9230148_EX-10.1_Franchise Agreement2.pdf,1,36,0.02702702702702703
SoupmanInc_20150814_8-K_EX-10.1_9230148_EX-10.1_Franchise Agreement3.pdf,2,35,0.05405405405405406
SoupmanInc_20150814_8-K_EX-10.1_9230148_EX-10.1_Franchise Agreement1.pdf,24,13,0.6486486486486487
SoupmanInc_20150814_8-K_EX-10.1_9230148_EX-10.1_Franchise Agreement4.pdf,1,36,0.02702702702702703
FEDERATEDGOVERNMENTINCOMESECURITIESINC_04_28_2020-EX-99.SERV AGREE-SERVICES AGREEMENT.PDF,5,32,0.13513513513513514
FEDERATEDGOVERNMENTINCOMESECURITIESINC_04_28_2020-EX-99.SERV AGREE-SERVICES AGREEMENT_SECONDAMENDMENT.pdf,2,35,0.05405405405405406
FEDERATEDGOVERNMENTINCOMESECURITIESINC_04_28_2020-EX-99.SERV AGREE-SERVICES AGREEMENT_POWEROF.pdf,3,34,0.08108108108108109
FEDERATEDGOVERNMENTINCOMESECURITIESINC_04_28_2020-EX-99.SERV AGREE-SERVICES AGREEMENT_AMENDMENT.pdf,2,35,0.05405405405405406
WESTERN COPPER - NON-COMPETITION AGREEMENT.PDF,4,33,0.10810810810810811
"INNOVIVA,INC_08_07_2014-EX-10.1-COLLABORATION AGREEMENT.PDF",14,23,0.3783783783783784
"FOUNDATIONMEDICINE,INC_02_02_2015-EX-10.2-Collaboration Agreement.PDF",16,21,0.43243243243243246
"NOVOINTEGRATEDSCIENCES,INC_12_23_2019-EX-10.1-JOINT VENTURE AGREEMENT.PDF",5,32,0.13513513513513514
"TRANSPHORM,INC_02_14_2020-EX-10.12(1)-JOINT VENTURE AGREEMENT.PDF",7,30,0.1891891891891892
VALENCETECHNOLOGYINC_02_14_2003-EX-10-JOINT VENTURE CONTRACT.PDF,9,28,0.24324324324324326
"VIVINT SOLAR, INC. - NON-COMPETITION AGREEMENT.PDF",1,36,0.02702702702702703
Quaker Chemical Corporation - NON COMPETITION AND NON SOLICITATION AGREEMENT.PDF,7,30,0.1891891891891892
MOELIS&CO_03_24_2014-EX-10.19-STRATEGIC ALLIANCE AGREEMENT.PDF,17,20,0.4594594594594595
ENERGOUSCORP_03_16_2017-EX-10.24-STRATEGIC ALLIANCE AGREEMENT.PDF,28,9,0.7567567567567568
"BORROWMONEYCOM,INC_06_11_2020-EX-10.1-JOINT VENTURE AGREEMENT.PDF",5,32,0.13513513513513514
"VEONEER,INC_02_21_2020-EX-10.11-JOINT VENTURE AGREEMENT.PDF",2,35,0.05405405405405406
"KIROMICBIOPHARMA,INC_04_08_2020-EX-10.28-JOINT VENTURE AGREEMENT.PDF",13,24,0.35135135135135137
IMPCOTECHNOLOGIESINC_04_15_2003-EX-10.65-JOINT VENTURE AGREEMENT.PDF,8,29,0.21621621621621623
GULFSOUTHMEDICALSUPPLYINC_12_24_1997-EX-4-AFFILIATE AGREEMENT.PDF,2,35,0.05405405405405406
AFSALABANCORPINC_08_01_1996-EX-1.1-AGENCY AGREEMENT.PDF,8,29,0.21621621621621623
ALAMOGORDOFINANCIALCORP_12_16_1999-EX-1-AGENCY AGREEMENT.PDF,7,30,0.1891891891891892
ALCOSTORESINC_12_14_2005-EX-10.26-AGENCY AGREEMENT.PDF,5,32,0.13513513513513514
ALLIANCEBANCORPINCOFPENNSYLVANIA_10_18_2006-EX-1.2-AGENCY AGREEMENT.PDF,7,30,0.1891891891891892
AMERICANPHYSICIANSCAPITALINC_03_31_2003-EX-10.26-AGENCY AGREEMENT.PDF,11,26,0.2972972972972973
BANUESTRAFINANCIALCORP_09_08_2006-EX-10.16-AGENCY AGREEMENT.PDF,4,33,0.10810810810810811
BIOPURECORP_06_30_1999-EX-10.13-AGENCY AGREEMENT.PDF,12,25,0.32432432432432434
"BLUEHILLSBANCORP,INC_05_20_2014-EX-1.1-AGENCY AGREEMENT.PDF",7,30,0.1891891891891892
"BLUEROCKRESIDENTIALGROWTHREIT,INC_06_01_2016-EX-1.1-AGENCY AGREEMENT.PDF",6,31,0.16216216216216217
AURASYSTEMSINC_06_16_2010-EX-10.25-STRATEGIC ALLIANCE AGREEMENT.PDF,20,17,0.5405405405405406
CHERRYHILLMORTGAGEINVESTMENTCORP_09_26_2013-EX-10.1-Strategic Alliance Agreement.PDF,3,34,0.08108108108108109
ADAPTIMMUNETHERAPEUTICSPLC_04_06_2017-EX-10.11-STRATEGIC ALLIANCE AGREEMENT.PDF,14,23,0.3783783783783784
"COOLTECHNOLOGIES,INC_10_25_2017-EX-10.71-Strategic Alliance Agreement.PDF",7,30,0.1891891891891892
"DUOSTECHNOLOGIESGROUP,INC_04_21_2009-EX-10.1-STRATEGIC ALLIANCE AGREEMENT.PDF",18,19,0.4864864864864865
ENTRUSTINC_07_24_1998-EX-10.5-STRATEGIC ALLIANCE AGREEMENT.PDF,13,24,0.35135135135135137
"FTENETWORKS,INC_02_18_2016-EX-99.4-STRATEGIC ALLIANCE AGREEMENT.PDF",12,25,0.32432432432432434
"GIGGLESN_HUGS,INC_06_23_2016-EX-10.2-STRATEGIC ALLIANCE AGREEMENT.PDF",6,31,0.16216216216216217
GOLDRESOURCECORP_12_11_2008-EX-10.1-STRATEGIC ALLIANCE AGREEMENT.PDF,9,28,0.24324324324324326
ICORECONNECTINC_10_13_2010-EX-7.1-Strategic Alliance Agreement.PDF,10,27,0.2702702702702703
"INTELLIGENTHIGHWAYSOLUTIONS,INC_01_18_2018-EX-10.1-Strategic Alliance Agreement.PDF",8,29,0.21621621621621623
INTRICONCORP_03_10_2009-EX-10.22-Strategic Alliance Agreement.PDF,12,25,0.32432432432432434
"IOVANCEBIOTHERAPEUTICS,INC_08_03_2017-EX-10.1-STRATEGIC ALLIANCE AGREEMENT.PDF",11,26,0.2972972972972973
LIGHTBRIDGECORP_11_23_2015-EX-10.26-STRATEGIC ALLIANCE AGREEMENT.PDF,4,33,0.10810810810810811
MANAKOASERVICESCORP_11_21_2007-EX-7.5-STRATEGIC ALLIANCE AGREEMENT.PDF,7,30,0.1891891891891892
ORBSATCORP_08_17_2007-EX-7.3-STRATEGIC ALLIANCE AGREEMENT.PDF,8,29,0.21621621621621623
PHLVARIABLEINSURANCECOCT_08_17_2009-EX-10.1-STRATEGIC ALLIANCE AGREEMENT.PDF,11,26,0.2972972972972973
"PHREESIA,INC_05_28_2019-EX-10.18-STRATEGIC ALLIANCE AGREEMENT.PDF",16,21,0.43243243243243246
REWALKROBOTICSLTD_07_10_2014-EX-10.2-STRATEGIC ALLIANCE AGREEMENT.PDF,6,31,0.16216216216216217
KALLOINC_11_03_2011-EX-10.1-STRATEGIC ALLIANCE AGREEMENT.PDF',17,20,0.4594594594594595
"ROCKYMOUNTAINCHOCOLATEFACTORY,INC_12_23_2019-EX-10.2-STRATEGIC ALLIANCE AGREEMENT.PDF",9,28,0.24324324324324326
"SUCAMPOPHARMACEUTICALS,INC_11_04_2015-EX-10.2-STRATEGIC ALLIANCE AGREEMENT.PDF",6,31,0.16216216216216217
"TURNKEYCAPITAL,INC_07_20_2017-EX-1.1-Strategic Alliance Agreement.PDF",5,32,0.13513513513513514
USASYNTHETICFUELCORP_10_21_2010-EX-10.10-STRATEGIC ALLIANCE AGREEMENT.PDF,8,29,0.21621621621621623
"WASTE2ENERGYHOLDINGS,INC_06_03_2010-EX-10.2-STRATEGIC ALLIANCE AGREEMENT.PDF",6,31,0.16216216216216217
"VIRTUALSCOPICS,INC_11_12_2010-EX-10.1-STRATEGIC ALLIANCE AGREEMENT.PDF",16,21,0.43243243243243246
"XLITECHNOLOGIES,INC_12_02_2015-EX-10.02-STRATEGIC ALLIANCE AGREEMENT.PDF",3,34,0.08108108108108109
ANIXABIOSCIENCESINC_06_09_2020-EX-10.1-COLLABORATION AGREEMENT.PDF,15,22,0.40540540540540543
BIOCEPTINC_08_19_2013-EX-10-COLLABORATION AGREEMENT.PDF,16,21,0.43243243243243246
"CARDAX,INC_08_19_2014-EX-10.1-COLLABORATION AGREEMENT.PDF",12,25,0.32432432432432434
CHEETAHMOBILEINC_04_22_2014-EX-10.43-Cooperation Agreement.PDF,10,27,0.2702702702702703
"ELFBEAUTY,INC_07_02_2020-EX-10.1-COOPERATION AGREEMENT.PDF",4,33,0.10810810810810811
FIBROGENINC_10_01_2014-EX-10.11-COLLABORATION AGREEMENT.PDF,18,19,0.4864864864864865
"HC2HOLDINGS,INC_05_14_2020-EX-10.1-COOPERATION AGREEMENT.PDF",4,33,0.10810810810810811
HPILHOLDING_01_07_2015-EX-99.1-COOPERATION AGREEMENT.PDF,5,32,0.13513513513513514
LEJUHOLDINGSLTD_03_12_2014-EX-10.34-INTERNET CHANNEL COOPERATION AGREEMENT.PDF,6,31,0.16216216216216217
"MEETGROUP,INC_06_29_2017-EX-10.1-COOPERATION AGREEMENT.PDF",5,32,0.13513513513513514
QIWI_06_16_2017-EX-99.(D)(2)-COOPERATION AGREEMENT.PDF,6,31,0.16216216216216217
"SPIENERGYCO,LTD_07_10_2014-EX-10-Cooperation Agreement of 50MWp Photovoltaic Grid-connected Power Generation Project in Yangqiao of~1.PDF",1,36,0.02702702702702703
"SPOKHOLDINGS,INC_06_19_2020-EX-10.1-COOPERATION AGREEMENT.PDF",3,34,0.08108108108108109
STWRESOURCESHOLDINGCORP_08_06_2014-EX-10.1-COOPERATION AGREEMENT.PDF,11,26,0.2972972972972973
URSCORPNEW_03_17_2014-EX-99-COOPERATION AGREEMENT.PDF,3,34,0.08108108108108109
"CERES,INC_01_25_2012-EX-10.20-Collaboration Agreement.PDF",14,23,0.3783783783783784
"FIDELITYNATIONALINFORMATIONSERVICES,INC_08_05_2009-EX-10.3-INTELLECTUAL PROPERTY AGREEMENT.PDF",13,24,0.35135135135135137
"ARMSTRONGFLOORING,INC_01_07_2019-EX-10.2-INTELLECTUAL PROPERTY AGREEMENT.PDF",11,26,0.2972972972972973
"GSITECHNOLOGYINC_11_16_2009-EX-10.2-INTELLECTUAL PROPERTY AGREEMENT between SONY ELECTRONICS INC. and GSI TECHNOLOGY, INC..PDF",10,27,0.2702702702702703
"HERTZGLOBALHOLDINGS,INC_07_07_2016-EX-10.4-INTELLECTUAL PROPERTY AGREEMENT.PDF",8,29,0.21621621621621623
JINGWEIINTERNATIONALLTD_10_04_2007-EX-10.7-INTELLECTUAL PROPERTY AGREEMENT.PDF,7,30,0.1891891891891892
MSCIINC_02_28_2008-EX-10.10-.PDF,5,32,0.13513513513513514
"OTISWORLDWIDECORP_04_03_2020-EX-10.4-INTELLECTUAL PROPERTY AGREEMENT by and among UNITED TECHNOLOGIES CORPORATION, OTIS WORLDWIDE CORPORATION and CARRIER ~1.PDF",11,26,0.2972972972972973
VERSOTECHNOLOGIESINC_12_28_2007-EX-99.3-INTELLECTUAL PROPERTY AGREEMENT.PDF,3,34,0.08108108108108109
ZEBRATECHNOLOGIESCORP_04_16_2014-EX-10.1-INTELLECTUAL PROPERTY AGREEMENT.PDF,11,26,0.2972972972972973
AIRSPANNETWORKSINC_04_11_2000-EX-10.5-Distributor Agreement.PDF,14,23,0.3783783783783784
ACCURAYINC_09_01_2010-EX-10.31-DISTRIBUTOR AGREEMENT.PDF,9,28,0.24324324324324326
BLACKBOXSTOCKSINC_08_05_2014-EX-10.1-DISTRIBUTOR AGREEMENT.PDF,11,26,0.2972972972972973
ENTERTAINMENTGAMINGASIAINC_02_15_2005-EX-10.5-DISTRIBUTOR AGREEMENT.PDF,17,20,0.4594594594594595
"ETELOS,INC_03_09_2004-EX-10.8-DISTRIBUTOR AGREEMENT.PDF",12,25,0.32432432432432434
EUROPEANMICROHOLDINGSINC_03_06_1998-EX-10.6-DISTRIBUTOR AGREEMENT.PDF,17,20,0.4594594594594595
HYPERIONSOFTWARECORP_09_28_1994-EX-10.47-EXCLUSIVE DISTRIBUTOR AGREEMENT.PDF,16,21,0.43243243243243246
"LEGACYTECHNOLOGYHOLDINGS,INC_12_09_2005-EX-10.2-DISTRIBUTOR AGREEMENT.PDF",11,26,0.2972972972972973
LUCIDINC_04_15_2011-EX-10.9-DISTRIBUTOR AGREEMENT.PDF,10,27,0.2702702702702703
LIMEENERGYCO_09_09_1999-EX-10-DISTRIBUTOR AGREEMENT.PDF,15,22,0.40540540540540543
NEOMEDIATECHNOLOGIESINC_12_15_2005-EX-16.1-DISTRIBUTOR AGREEMENT.PDF,12,25,0.32432432432432434
NANOPHASETECHNOLOGIESCORP_11_01_2005-EX-99.1-DISTRIBUTOR AGREEMENT.PDF,17,20,0.4594594594594595
"OPTIMIZEDTRANSPORTATIONMANAGEMENT,INC_07_26_2000-EX-6.6-DISTRIBUTOR AGREEMENT.PDF",8,29,0.21621621621621623
"VISIUMTECHNOLOGIES,INC_10_20_2004-EX-10.20-DISTRIBUTOR AGREEMENT.PDF",14,23,0.3783783783783784
ENERGYXXILTD_05_08_2015-EX-10.13-Transportation AGREEMENT.PDF,10,27,0.2702702702702703
ENTERPRISEPRODUCTSPARTNERSLP_07_08_1998-EX-10.3-TRANSPORTATION CONTRACT.PDF,11,26,0.2972972972972973
MARTINMIDSTREAMPARTNERSLP_01_23_2004-EX-10.3-TRANSPORTATION SERVICES AGREEMENT.PDF,9,28,0.24324324324324326
ADAMSGOLFINC_03_21_2005-EX-10.17-ENDORSEMENT AGREEMENT.PDF,9,28,0.24324324324324326
AMBASSADOREYEWEARGROUPINC_11_17_1997-EX-10.28-ENDORSEMENT AGREEMENT.PDF,13,24,0.35135135135135137
HOLIDAYRVSUPERSTORESINC_04_15_2002-EX-10.13-ENDORSEMENT AGREEMENT.PDF,7,30,0.1891891891891892
"MARSHALLHOLDINGSINTERNATIONAL,INC_04_14_2004-EX-10.15-ENDORSEMENT AGREEMENT.PDF",5,32,0.13513513513513514
MOVADOGROUPINC_04_30_2003-EX-10.28-ENDORSEMENT AGREEMENT.PDF,3,34,0.08108108108108109
MOSSIMOINC_04_14_2000-EX-10.14-ENDORSEMENT AGREEMENT.PDF,12,25,0.32432432432432434
SPORTHALEYINC_09_29_1997-EX-10.2-10-ENDORSEMENT AGREEMENT.PDF,8,29,0.21621621621621623
TEARDROPGOLFCO_10_23_1996-EX-10.12-ENDORSEMENT AGREEMENT.PDF,11,26,0.2972972972972973
WARNINGMANAGEMENTSERVICESINC_12_10_1999-EX-10-ENDORSEMENT AGREEMENT.PDF,15,22,0.40540540540540543
"Array BioPharma Inc. - LICENSE, DEVELOPMENT AND COMMERCIALIZATION AGREEMENT.PDF",19,18,0.5135135135135135
Microgenics Corporation - Collaborative Development and Commercialization Agreement.PDF,17,20,0.4594594594594595
WARNERCHILCOTTPLC_12_31_2003-EX-4.36-DEVELOPMENT AGREEMENT.PDF,5,32,0.13513513513513514
TRUENORTHENERGYCORP_02_08_2007-EX-10.1-DEVELOPMENT AGREEMENT.PDF,9,28,0.24324324324324326
AIRTECHINTERNATIONALGROUPINC_05_08_2000-EX-10.4-FRANCHISE AGREEMENT.PDF,16,21,0.43243243243243246
"HOSPITALITYINVESTORSTRUST,INC_04_07_2014-EX-10.26-FRANCHISE AGREEMENT.PDF",14,23,0.3783783783783784
INTERNATIONALFASTFOODCORP_04_04_1997-EX-99-FRANCHISE AGREEMENT.PDF,17,20,0.4594594594594595
"GOOSEHEADINSURANCE,INC_04_02_2018-EX-10.6-Franchise Agreement.PDF",25,12,0.6756756756756757
JOINTCORP_09_19_2014-EX-10.15-FRANCHISE AGREEMENT.PDF,21,16,0.5675675675675675
AMERICASSHOPPINGMALLINC_12_10_1999-EX-10.2-SITE DEVELOPMENT AND HOSTING AGREEMENT.PDF,13,24,0.35135135135135137
BLUEFLYINC_03_27_2002-EX-10.27-e-business Hosting Agreement.PDF,12,25,0.32432432432432434
BEYONDCOMCORP_08_03_2000-EX-10.2-CO-HOSTING AGREEMENT.PDF,15,22,0.40540540540540543
BNCMORTGAGEINC_05_17_1999-EX-10.4-LICENSING AND WEB SITE HOSTING AGREEMENT.PDF,8,29,0.21621621621621623
BOLIVARMININGCORP_05_23_2003-EX-2.1-VISP WEB SITE BUILDING AND HOSTING AGREEMENT.PDF,8,29,0.21621621621621623
CORIOINC_07_20_2000-EX-10.5-LICENSE AND HOSTING AGREEMENT.PDF,20,17,0.5405405405405406
CHANGEPOINTCORP_03_08_2000-EX-10.6-LICENSE AND HOSTING AGREEMENT.PDF,21,16,0.5675675675675675
GALACTICOMMTECHNOLOGIESINC_11_07_1997-EX-10.46-WEB HOSTING AGREEMENT.PDF,2,35,0.05405405405405406
INKTOMICORP_06_08_1998-EX-10.14-SOFTWARE HOSTING AGREEMENT.PDF,16,21,0.43243243243243246
"ADMA BioManufacturing, LLC -  Amendment #3 to Manufacturing Agreement .PDF",6,31,0.16216216216216217
"Antares Pharma, Inc. - Manufacturing Agreement.PDF",9,28,0.24324324324324326
Apollo Endosurgery - Manufacturing and Supply Agreement.PDF,11,26,0.2972972972972973
Cerus Corporation - FIRST AMEND TO SUPPLY AND MANUFACTURING AGREEMENT.PDF,1,36,0.02702702702702703
"Columbia Laboratories, (Bermuda) Ltd. - AMEND NO. 2 TO MANUFACTURING AND SUPPLY AGREEMENT.PDF",8,29,0.21621621621621623
ELECTRAMECCANICA VEHICLES CORP. - Manufacturing Agreement .PDF,11,26,0.2972972972972973
"Magenta Therapeutics, Inc. - Master Development and Manufacturing Agreement.PDF",14,23,0.3783783783783784
"Sonos, Inc. - Manufacturing Agreement .PDF",18,19,0.4864864864864865
"VAPOTHERM, INC. - Manufacturing and Supply Agreement.PDF",12,25,0.32432432432432434
"ON2TECHNOLOGIES,INC_11_17_2006-EX-10.3-SUPPORT AND MAINTENANCE AGREEMENT.PDF",5,32,0.13513513513513514
PRIMEENERGYRESOURCESCORP_04_02_2007-EX-10.28-COMPLETION AND LIQUIDITY MAINTENANCE AGREEMENT.PDF,2,35,0.05405405405405406
SECURIANFUNDSTRUST_05_01_2012-EX-99.28.H.9-NET INVESTMENT INCOME MAINTENANCE AGREEMENT.PDF,2,35,0.05405405405405406
SANDRIDGEENERGYINC_08_06_2009-EX-10.6-OPERATIONS AND MAINTENANCE AGREEMENT.PDF,9,28,0.24324324324324326
SEPARATEACCOUNTIIOFAGL_05_02_2011-EX-99.(J)(4)-UNCONDITIONAL CAPITAL MAINTENANCE AGREEMENT.PDF,4,33,0.10810810810810811
SLOVAKWIRELESSFINANCECOBV_03_28_2001-EX-4.(B)(II).3-Maintenance and support contract for SICAP(R) modules.PDF,5,32,0.13513513513513514
SFGFINANCIALCORP_05_12_2009-EX-10.1-SOFTWARE LICENSE AND MAINTENANCE AGREEMENT.PDF,11,26,0.2972972972972973
SPARKLINGSPRINGWATERHOLDINGSLTD_07_03_2002-EX-10.13-SOFTWARE LICENSE AND MAINTENANCE AGREEMENT.PDF,13,24,0.35135135135135137
SMITHELECTRICVEHICLESCORP_04_04_2012-EX-10.26-FLEET MAINTENANCE AGREEMENT.PDF,10,27,0.2702702702702703
"SPIENERGYCO,LTD_03_09_2011-EX-99.5-OPERATIONS AND MAINTENANCE AGREEMENT.PDF",6,31,0.16216216216216217
STARTECGLOBALCOMMUNICATIONSCORP_11_16_1998-EX-10.30-CONSTRUCTION AND MAINTENANCE AGREEMENT.PDF,9,28,0.24324324324324326
SUNTRONCORP_05_17_2006-EX-10.22-MAINTENANCE AGREEMENT.PDF,6,31,0.16216216216216217
SUMMAFOURINC_06_19_1998-EX-10.3-SOFTWARE LICENSE AND MAINTENANCE AGREEMENT.PDF,14,23,0.3783783783783784
TELEGLOBEINTERNATIONALHOLDINGSLTD_03_29_2004-EX-10.10-CONSTRUCTION AND MAINTENANCE AGREEMENT.PDF,6,31,0.16216216216216217
TELKOMSALTD_01_30_2003-EX-10-LICENCE AND MAINTENANCE AGREEMENT.PDF,15,22,0.40540540540540543
TRIZETTOGROUPINC_08_18_1999-EX-10.17-TECHNICAL INFRASTRUCTURE MAINTENANCE AGREEMENT.PDF,7,30,0.1891891891891892
UAGHINC_04_14_2004-EX-10.18-MAINTENANCE AGREEMENT.PDF,8,29,0.21621621621621623
VARIABLESEPARATEACCOUNT_04_30_2014-EX-13.C-UNCONDITIONAL CAPITAL MAINTENANCE AGREEMENT.PDF,4,33,0.10810810810810811
VERTEXENERGYINC_08_14_2014-EX-10.24-OPERATION AND MAINTENANCE AGREEMENT.PDF,8,29,0.21621621621621623
VERTICALNETINC_04_01_2002-EX-10.19-MAINTENANCE AND SUPPORT AGREEMENT.PDF,13,24,0.35135135135135137
ZONDWINDSYSTEMPARTNERSLTDSERIES85-B_04_03_2006-EX-10-MANAGEMENT AND MAINTENANCE AGREEMENT.PDF,1,36,0.02702702702702703
"GWG HOLDINGS, INC. - ORDERLY MARKETING AGREEMENT.PDF",3,34,0.08108108108108109
"HEMISPHERX - Sales, Marketing, Distribution, and Supply Agreement.PDF",14,23,0.3783783783783784
Monsanto Company - SECOND A&R EXCLUSIVE AGENCY AND MARKETING AGREEMENT .PDF,20,17,0.5405405405405406
LECLANCHÉ S.A. - JOINT DEVELOPMENT AND MARKETING AGREEMENT.PDF,9,28,0.24324324324324326
"Loop Industries, Inc. - Marketing Agreement.PDF",9,28,0.24324324324324326
NUVEEN - REMARKETING AGREEMENT.PDF,6,31,0.16216216216216217
"MetLife, Inc. - Remarketing Agreement.PDF",4,33,0.10810810810810811
"PACIRA PHARMACEUTICALS, INC. - A&R STRATEGIC LICENSING, DISTRIBUTION AND MARKETING AGREEMENT .PDF",20,17,0.5405405405405406
Principal Life Insurance Company - Broker Dealer Marketing and Servicing Agreement .PDF,5,32,0.13513513513513514
"Reinsurance Group of America, Incorporated - A&R REMARKETING  AGREEMENT.PDF",8,29,0.21621621621621623
"SightLife Surgical, Inc. - STRATEGIC SALES & MARKETING AGREEMENT.PDF",9,28,0.24324324324324326
"Zounds Hearing, Inc. - MANUFACTURING DESIGN MARKETING AGREEMENT.PDF",14,23,0.3783783783783784
NATIONALPROCESSINGINC_07_18_1996-EX-10.4-SPONSORSHIP AGREEMENT.PDF,8,29,0.21621621621621623
PACIFICSYSTEMSCONTROLTECHNOLOGYINC_08_24_2000-EX-10.53-SPONSORSHIP AGREEMENT.PDF,3,34,0.08108108108108109
PROLONGINTERNATIONALCORP_03_23_1998-EX-10.16-SPONSORSHIP AGREEMENT.PDF,5,32,0.13513513513513514
NETGROCERINC_07_31_1998-EX-10.15-SPONSORSHIP AGREEMENT.PDF,10,27,0.2702702702702703
SONUSCORP_03_12_1997-EX-10.11-SPONSORSHIP AGREEMENT.PDF,3,34,0.08108108108108109
RUBIOSRESTAURANTSINC_03_31_2008-EX-10.75-SPONSORSHIP AGREEMENT.PDF,9,28,0.24324324324324326
TICKETSCOMINC_06_22_1999-EX-10.22-SPONSORSHIP AGREEMENT.PDF,9,28,0.24324324324324326
"VNUE,INC_07_10_2015-EX-10.1-SPONSORSHIP AGREEMENT.PDF",9,28,0.24324324324324326
"ADIANUTRITION,INC_04_01_2005-EX-10.D2-RESELLER AGREEMENT.PDF",12,25,0.32432432432432434
DIVERSINETCORP_03_01_2012-EX-4-RESELLER AGREEMENT.PDF,18,19,0.4864864864864865
WORLDWIDESTRATEGIESINC_11_02_2005-EX-10-RESELLER AGREEMENT.PDF,19,18,0.5135135135135135
"BELLRINGBRANDS,INC_02_07_2020-EX-10.18-MASTER SUPPLY AGREEMENT.PDF",9,28,0.24324324324324326
BIOFRONTERAAG_04_29_2019-EX-4.17-SUPPLY AGREEMENT.PDF,8,29,0.21621621621621623
FUSIONPHARMACEUTICALSINC_06_05_2020-EX-10.17-Supply Agreement - FUSION.PDF,12,25,0.32432432432432434
"INTERSECTENT,INC_05_11_2020-EX-10.1-SUPPLY AGREEMENT.PDF",9,28,0.24324324324324326
ULTRAGENYXPHARMACEUTICALINC_12_23_2013-EX-10.9-SUPPLY AGREEMENT.PDF,8,29,0.21621621621621623
"VAXCYTE,INC_05_22_2020-EX-10.19-SUPPLY AGREEMENT.PDF",13,24,0.35135135135135137
VERICELCORP_08_06_2019-EX-10.10-SUPPLY AGREEMENT.PDF,18,19,0.4864864864864865
HEALTHGATEDATACORP_11_24_1999-EX-10.1-HOSTING AND MANAGEMENT AGREEMENT - Escrow Agreement.pdf,5,32,0.13513513513513514
BIOAMBERINC_04_10_2013-EX-10.34-DEVELOPMENT AGREEMENT - First Amendment.pdf,1,36,0.02702702702702703
HEALTHGATEDATACORP_11_24_1999-EX-10.1-HOSTING AND MANAGEMENT AGREEMENT (1).pdf,19,18,0.5135135135135135
BIOAMBERINC_04_10_2013-EX-10.34-DEVELOPMENT AGREEMENT (1).pdf,14,23,0.3783783783783784
"NETGEAR,INC_04_21_2003-EX-10.16-AMENDMENT TO THE DISTRIBUTOR AGREEMENT BETWEEN INGRAM MICRO AND NETGEAR-.pdf",2,35,0.05405405405405406
"NETGEAR,INC_04_21_2003-EX-10.16-DISTRIBUTOR AGREEMENT.pdf",15,22,0.40540540540540543
"NETGEAR,INC_04_21_2003-EX-10.16- AMENDMENT #2 TO THE DISTRIBUTION AGREEMENT.pdf",1,36,0.02702702702702703
NEONSYSTEMSINC_03_01_1999-EX-10.5-DISTRIBUTOR AGREEMENT_Amendment.pdf,9,28,0.24324324324324326
NEONSYSTEMSINC_03_01_1999-EX-10.5-DISTRIBUTOR AGREEMENT_New.pdf,15,22,0.40540540540540543
WOMENSGOLFUNLIMITEDINC_03_29_2000-EX-10.13-ENDORSEMENT AGREEMENT.PDF,14,23,0.3783783783783784
WOMENSGOLFUNLIMITEDINC_03_29_2000-EX-10.13-ENDORSEMENT AGREEMENT - Intellectual Property Rights                 Confidentiality and Non-Use Obligations Agreement.pdf,2,35,0.05405405405405406
"KUBIENT,INC_07_02_2020-EX-10.14-MASTER SERVICES AGREEMENT_Part2.pdf",5,32,0.13513513513513514
"KUBIENT,INC_07_02_2020-EX-10.14-MASTER SERVICES AGREEMENT_Part1.pdf",10,27,0.2702702702702703
