sample_id,cluster_label
0,0
1,1
2,1
3,2
4,3
5,3
6,2
7,2
8,2
9,0
10,3
11,3
12,0
13,3
14,0
15,3
16,2
17,3
18,3
19,1
20,3
21,3
22,2
23,1
24,2
25,1
26,2
27,0
28,3
29,3
30,3
31,0
32,3
33,0
34,0
35,3
36,1
37,0
38,1
39,2
40,3
41,1
42,0
43,3
44,3
45,3
46,3
47,3
48,1
49,2
50,0
51,-1
52,1
53,1
54,2
55,3
56,3
57,3
58,2
59,0
60,0
61,2
62,3
63,3
64,2
65,3
66,3
67,1
68,0
69,3
70,2
71,0
72,1
73,0
74,3
75,3
76,3
77,1
78,2
79,0
80,3
81,2
82,2
83,3
84,3
85,2
86,0
87,3
88,3
89,1
90,3
91,2
92,0
93,3
94,0
95,-1
96,3
97,3
98,1
99,0
100,3
101,1
102,1
103,2
104,0
105,3
106,-1
107,2
108,3
109,3
110,2
111,3
112,1
113,3
114,0
115,3
116,3
117,3
118,-1
119,3
120,3
121,3
122,2
123,0
124,1
125,1
126,2
127,3
128,-1
129,3
130,1
131,2
132,2
133,3
134,0
135,-1
136,3
137,1
138,3
139,3
140,0
141,3
142,2
143,2
144,1
145,2
146,1
147,0
148,2
149,0
150,2
151,3
152,3
153,0
154,3
155,2
156,3
157,3
158,3
159,2
160,3
161,0
162,3
163,1
164,1
165,2
166,0
167,3
168,3
169,1
170,3
171,3
172,3
173,2
174,3
175,3
176,0
177,0
178,3
179,0
180,1
181,3
182,3
183,2
184,3
185,3
186,3
187,3
188,2
189,2
190,0
191,0
192,0
193,3
194,3
195,1
196,3
197,3
198,1
199,3
200,0
201,1
202,3
203,3
204,0
205,1
206,1
207,3
208,3
209,1
210,1
211,2
212,0
213,2
214,0
215,3
216,0
217,1
218,2
219,2
220,0
221,3
222,2
223,3
224,0
225,2
226,1
227,3
228,0
229,0
230,2
231,3
232,3
233,3
234,3
235,3
236,3
237,2
238,2
239,3
240,2
241,3
242,1
243,2
244,0
245,3
246,3
247,0
248,3
249,1
250,0
251,0
252,0
253,3
254,3
255,3
256,3
257,0
258,0
259,3
260,0
261,1
262,2
263,3
264,3
265,0
266,3
267,3
268,2
269,3
270,0
271,0
272,3
273,1
274,2
275,1
276,0
277,3
278,1
279,3
280,3
281,3
282,3
283,3
284,2
285,2
286,3
287,3
288,0
289,0
290,0
291,3
292,2
293,0
294,3
295,3
296,1
297,-1
298,3
299,3
300,3
301,3
302,3
303,2
304,3
305,1
306,2
307,2
308,3
309,2
310,3
311,3
312,2
313,3
314,3
315,0
316,1
317,1
318,3
319,1
320,0
321,3
322,3
323,3
324,1
325,3
326,2
327,1
328,1
329,3
330,3
331,3
332,3
333,3
334,1
335,2
336,3
337,3
338,2
339,2
340,0
341,0
342,0
343,-1
344,3
345,1
346,0
347,0
348,1
349,0
350,3
351,2
352,2
353,3
354,2
355,1
356,2
357,2
358,0
359,3
360,0
361,3
362,2
363,2
364,3
365,3
366,1
367,0
368,1
369,2
370,1
371,0
372,0
373,1
374,3
375,1
376,2
377,2
378,3
379,1
380,0
381,2
382,2
383,1
384,3
385,3
386,3
387,2
388,2
389,1
390,2
391,0
392,1
393,0
394,3
395,2
396,2
397,3
398,1
399,3
400,3
401,2
402,1
403,3
404,1
405,-1
406,0
407,3
408,1
409,3
410,3
411,3
412,0
413,1
414,3
415,3
416,1
417,0
418,3
419,-1
420,3
421,1
422,1
423,3
424,3
425,0
426,3
427,2
428,0
429,3
430,3
431,0
432,2
433,1
434,1
435,1
436,2
437,3
438,3
439,0
440,0
441,2
442,1
443,2
444,1
445,3
446,3
447,3
448,0
449,3
450,3
451,0
452,3
453,1
454,0
455,0
456,-1
457,1
458,3
459,2
460,3
461,0
462,1
463,0
464,3
465,2
466,3
467,2
468,1
469,1
470,3
471,1
472,3
473,2
474,0
475,0
476,1
477,3
478,1
479,2
480,2
481,3
482,1
483,1
484,3
485,0
486,3
487,2
488,3
489,3
490,3
491,1
492,0
493,3
494,3
495,1
496,3
497,3
498,2
499,1
500,2
501,0
502,3
503,3
504,3
505,3
506,2
507,3
508,1
509,3
510,3
511,2
512,2
513,0
514,1
515,0
516,0
517,0
518,2
519,2
520,-1
521,3
522,3
523,0
524,0
525,1
526,3
527,3
528,3
529,3
530,1
531,2
532,1
533,1
534,2
535,3
536,2
537,2
538,2
539,1
540,3
541,1
542,1
543,1
544,3
545,0
546,3
547,3
548,1
549,2
550,0
551,3
552,1
553,-1
554,3
555,3
556,0
557,3
558,0
559,3
560,0
561,2
562,1
563,3
564,2
565,-1
566,3
567,2
568,0
569,3
570,3
571,3
572,3
573,0
574,0
575,3
576,1
577,3
578,1
579,3
580,1
581,3
582,3
583,3
584,2
585,3
586,2
587,1
588,0
589,0
590,2
591,2
592,2
593,2
594,2
595,1
596,0
597,3
598,1
599,0
600,2
601,3
602,2
603,3
604,1
605,3
606,2
607,0
608,0
609,0
610,2
611,1
612,2
613,3
614,2
615,0
616,2
617,3
618,3
619,3
620,0
621,0
622,3
623,1
624,3
625,3
626,1
627,1
628,0
629,2
630,2
631,0
632,3
633,3
634,2
635,1
636,3
637,2
638,1
639,2
640,3
641,3
642,3
643,2
644,3
645,1
646,1
647,3
648,3
649,3
650,3
651,2
652,3
653,3
654,2
655,3
656,2
657,3
658,0
659,1
660,0
661,0
662,1
663,3
664,2
665,3
666,1
667,3
668,2
669,3
670,2
671,0
672,-1
673,3
674,0
675,0
676,2
677,1
678,0
679,3
680,3
681,1
682,3
683,3
684,3
685,3
686,3
687,3
688,3
689,2
690,0
691,2
692,2
693,0
694,3
695,3
696,0
697,3
698,0
699,1
700,2
701,3
702,3
703,1
704,3
705,0
706,1
707,1
708,2
709,1
710,2
711,3
712,3
713,2
714,3
715,3
716,3
717,0
718,2
719,3
720,2
721,0
722,2
723,3
724,3
725,3
726,3
727,1
728,2
729,2
730,3
731,3
732,3
733,3
734,0
735,1
736,3
737,3
738,3
739,2
740,0
741,0
742,-1
743,3
744,1
745,2
746,0
747,3
748,3
749,3
750,2
751,3
752,3
753,2
754,1
755,3
756,3
757,3
758,0
759,3
760,0
761,1
762,1
763,0
764,2
765,3
766,3
767,0
768,0
769,3
770,3
771,3
772,0
773,2
774,3
775,3
776,2
777,3
778,3
779,1
780,1
781,3
782,0
783,3
784,2
785,3
786,3
787,2
788,0
789,0
790,-1
791,2
792,0
793,3
794,2
795,0
796,3
797,1
798,3
799,3
800,2
801,0
802,3
803,2
804,2
805,3
806,3
807,2
808,3
809,2
810,3
811,1
812,0
813,0
814,3
815,2
816,1
817,2
818,3
819,3
820,2
821,3
822,0
823,3
824,1
825,2
826,3
827,0
828,0
829,3
830,3
831,3
832,2
833,1
834,3
835,1
836,3
837,0
838,1
839,2
840,3
841,3
842,3
843,0
844,1
845,0
846,2
847,3
848,1
849,3
850,2
851,3
852,3
853,2
854,3
855,1
856,2
857,3
858,0
859,0
860,-1
861,2
862,2
863,0
864,3
865,3
866,3
867,2
868,1
869,1
870,3
871,3
872,3
873,1
874,1
875,1
876,0
877,2
878,3
879,2
880,3
881,0
882,1
883,3
884,2
885,0
886,2
887,0
888,1
889,2
890,2
891,0
892,3
893,3
894,2
895,3
896,3
897,3
898,3
899,3
900,2
901,3
902,0
903,2
904,2
905,1
906,3
907,2
908,2
909,3
910,3
911,0
912,3
913,2
914,3
915,2
916,0
917,0
918,3
919,1
920,2
921,1
922,3
923,0
924,3
925,2
926,3
927,2
928,2
929,0
930,0
931,1
932,3
933,2
934,0
935,0
936,0
937,0
938,-1
939,-1
940,3
941,3
942,1
943,2
944,3
945,1
946,2
947,0
948,1
949,3
950,0
951,0
952,3
953,3
954,3
955,2
956,0
957,1
958,1
959,0
960,2
961,3
962,3
963,3
964,2
965,2
966,0
967,0
968,0
969,0
970,3
971,3
972,1
973,3
974,0
975,3
976,2
977,2
978,0
979,1
980,0
981,2
982,1
983,3
984,1
985,3
986,1
987,3
988,3
989,2
990,2
991,0
992,2
993,2
994,3
995,0
996,3
997,2
998,2
999,0
1000,3
1001,2
1002,1
1003,1
1004,3
1005,3
1006,0
1007,2
1008,-1
1009,1
1010,0
1011,2
1012,3
1013,3
1014,3
1015,3
1016,0
1017,3
1018,3
1019,0
1020,3
1021,3
1022,3
1023,0
1024,3
1025,1
1026,0
1027,2
1028,3
1029,1
1030,3
1031,3
1032,2
1033,2
1034,1
1035,3
1036,3
1037,3
1038,3
1039,1
1040,0
1041,0
1042,3
1043,2
1044,1
1045,0
1046,3
1047,2
1048,2
1049,3
1050,3
1051,3
1052,3
1053,0
1054,0
1055,0
1056,1
1057,2
1058,2
1059,2
1060,0
1061,3
1062,3
1063,1
1064,1
1065,-1
1066,3
1067,1
1068,3
1069,2
1070,3
1071,3
1072,3
1073,0
1074,3
1075,2
1076,3
1077,2
1078,3
1079,3
1080,1
1081,1
1082,1
1083,0
1084,3
1085,2
1086,2
1087,2
1088,3
1089,3
1090,3
1091,3
1092,0
1093,3
1094,1
1095,1
1096,3
1097,0
1098,0
1099,3
1100,3
1101,0
1102,2
1103,0
1104,3
1105,3
1106,2
1107,3
1108,3
1109,0
1110,0
1111,1
1112,2
1113,3
1114,1
1115,0
1116,1
1117,1
1118,0
1119,-1
1120,0
1121,3
1122,2
1123,0
1124,3
1125,2
1126,0
1127,3
1128,1
1129,1
1130,2
1131,2
1132,1
1133,-1
1134,0
1135,3
1136,2
1137,2
1138,0
1139,2
1140,3
1141,3
1142,2
1143,2
1144,2
1145,3
1146,3
1147,0
1148,3
1149,3
1150,0
1151,3
1152,3
1153,0
1154,1
1155,3
1156,1
1157,1
1158,3
1159,2
1160,3
1161,2
1162,1
1163,0
1164,0
1165,2
1166,3
1167,1
1168,0
1169,0
1170,2
1171,1
1172,3
1173,1
1174,1
1175,0
1176,2
1177,3
1178,0
1179,3
1180,0
1181,0
1182,0
1183,3
1184,3
1185,2
1186,3
1187,3
1188,3
1189,3
1190,3
1191,2
1192,1
1193,3
1194,3
1195,3
1196,3
1197,0
1198,1
1199,3
1200,1
1201,1
1202,3
1203,3
1204,2
1205,2
1206,2
1207,1
1208,2
1209,3
1210,3
1211,-1
1212,3
1213,3
1214,0
1215,2
1216,3
1217,0
1218,3
1219,3
1220,3
1221,2
1222,3
1223,1
1224,0
1225,1
1226,2
1227,3
1228,2
1229,2
1230,3
1231,2
1232,0
1233,0
1234,3
1235,1
1236,3
1237,3
1238,0
1239,3
1240,2
1241,1
1242,3
1243,3
1244,3
1245,1
1246,3
1247,2
1248,3
1249,2
1250,2
1251,2
1252,1
1253,3
1254,0
1255,3
1256,1
1257,3
1258,2
1259,3
1260,1
1261,3
1262,0
1263,0
1264,2
1265,0
1266,3
1267,3
1268,1
1269,3
1270,2
1271,3
1272,3
1273,3
1274,0
1275,2
1276,2
1277,1
1278,3
1279,3
1280,1
1281,3
1282,1
1283,3
1284,0
1285,2
1286,2
1287,2
1288,3
1289,1
1290,3
1291,1
1292,3
1293,0
1294,1
1295,2
1296,1
1297,0
1298,3
1299,3
1300,3
1301,2
1302,1
1303,2
1304,3
1305,3
1306,2
1307,2
1308,1
1309,1
1310,1
1311,3
1312,3
1313,0
1314,1
1315,2
1316,0
1317,2
1318,3
1319,2
1320,1
1321,3
1322,3
1323,0
1324,1
1325,2
1326,3
1327,3
1328,3
1329,2
1330,2
1331,3
1332,0
1333,3
1334,3
1335,0
1336,0
1337,1
1338,2
1339,3
1340,1
1341,3
1342,0
1343,3
1344,3
1345,3
1346,1
1347,2
1348,2
1349,1
1350,1
1351,1
1352,0
1353,1
1354,1
1355,0
1356,3
1357,1
1358,2
1359,2
1360,3
1361,0
1362,1
1363,3
1364,3
1365,0
1366,3
1367,0
1368,2
1369,2
1370,3
1371,0
1372,1
1373,1
1374,2
1375,2
1376,0
1377,3
1378,1
1379,3
1380,2
1381,3
1382,2
1383,1
1384,0
1385,3
1386,0
1387,3
1388,3
1389,3
1390,0
1391,1
1392,3
1393,2
1394,3
1395,2
1396,-1
1397,1
1398,0
1399,1
1400,3
1401,3
1402,3
1403,1
1404,1
1405,3
1406,3
1407,3
1408,3
1409,3
1410,3
1411,2
1412,-1
1413,-1
1414,3
1415,2
1416,1
1417,3
1418,3
1419,3
1420,0
1421,3
1422,0
1423,2
1424,0
1425,3
1426,0
1427,2
1428,2
1429,3
1430,3
1431,3
1432,1
1433,2
1434,3
1435,3
1436,2
1437,3
1438,0
1439,2
1440,3
1441,0
1442,3
1443,3
1444,3
1445,3
1446,0
1447,0
1448,3
1449,0
1450,1
1451,1
1452,0
1453,1
1454,1
1455,1
1456,1
1457,0
1458,1
1459,-1
1460,3
1461,1
1462,2
1463,0
1464,3
1465,3
1466,3
1467,2
1468,2
1469,2
1470,3
1471,3
1472,3
1473,2
1474,0
1475,3
1476,3
1477,0
1478,2
1479,2
1480,2
1481,3
1482,3
1483,0
1484,3
1485,3
1486,2
1487,0
1488,3
1489,3
1490,1
1491,3
1492,3
1493,2
1494,3
1495,1
1496,2
1497,1
1498,2
1499,3
1500,3
1501,3
1502,2
1503,3
1504,1
1505,2
1506,3
1507,0
1508,1
1509,0
1510,2
1511,2
1512,2
1513,3
1514,0
1515,2
1516,0
1517,1
1518,2
1519,2
1520,3
1521,1
1522,0
1523,1
1524,3
1525,0
1526,3
1527,3
1528,3
1529,3
1530,2
1531,2
1532,2
1533,0
1534,3
1535,3
1536,3
1537,1
1538,3
1539,3
1540,1
1541,3
1542,3
1543,0
1544,3
1545,3
1546,3
1547,1
1548,3
1549,0
1550,3
1551,2
1552,2
1553,1
1554,1
1555,3
1556,2
1557,3
1558,3
1559,3
1560,2
1561,1
1562,3
1563,3
1564,2
1565,0
1566,1
1567,1
1568,2
1569,0
1570,1
1571,1
1572,1
1573,1
1574,2
1575,0
1576,0
1577,2
1578,2
1579,0
1580,3
1581,3
1582,2
1583,2
1584,3
1585,2
1586,0
1587,1
1588,3
1589,3
1590,3
1591,2
1592,3
1593,1
1594,2
1595,3
1596,2
1597,2
1598,3
1599,3
1600,2
1601,3
1602,0
1603,1
1604,3
1605,3
1606,2
1607,2
1608,3
1609,3
1610,1
1611,1
1612,0
1613,1
1614,3
1615,3
1616,3
1617,0
1618,3
1619,2
1620,-1
1621,3
1622,2
1623,3
1624,0
1625,0
1626,1
1627,1
1628,0
1629,3
1630,3
1631,0
1632,1
1633,2
1634,-1
1635,3
1636,3
1637,0
1638,3
1639,0
1640,3
1641,2
1642,1
1643,3
1644,3
1645,3
1646,3
1647,2
1648,3
1649,1
1650,2
1651,3
1652,2
1653,0
1654,2
1655,0
1656,3
1657,3
1658,2
1659,0
1660,1
1661,1
1662,3
1663,3
1664,3
1665,0
1666,1
1667,3
1668,0
1669,1
1670,2
1671,2
1672,1
1673,2
1674,0
1675,0
1676,3
1677,3
1678,3
1679,3
1680,1
1681,2
1682,3
1683,1
1684,2
1685,3
1686,1
1687,3
1688,3
1689,1
1690,3
1691,2
1692,3
1693,3
1694,0
1695,3
1696,1
1697,2
1698,2
1699,1
1700,3
1701,3
1702,1
1703,3
1704,3
1705,3
1706,1
1707,1
1708,2
1709,3
1710,1
1711,3
1712,2
1713,3
1714,3
1715,3
1716,3
1717,3
1718,3
1719,2
1720,1
1721,0
1722,1
1723,1
1724,0
1725,2
1726,1
1727,2
1728,3
1729,3
1730,0
1731,0
1732,2
1733,3
1734,2
1735,3
1736,2
1737,0
1738,2
1739,2
1740,3
1741,3
1742,0
1743,2
1744,3
1745,3
1746,1
1747,0
1748,2
1749,0
1750,2
1751,2
1752,0
1753,3
1754,2
1755,3
1756,2
1757,1
1758,-1
1759,1
1760,2
1761,3
1762,0
1763,2
1764,3
1765,3
1766,1
1767,0
1768,2
1769,2
1770,3
1771,1
1772,1
1773,3
1774,2
1775,3
1776,3
1777,3
1778,1
1779,0
1780,3
1781,0
1782,2
1783,2
1784,2
1785,1
1786,1
1787,1
1788,1
1789,3
1790,2
1791,1
1792,3
1793,3
1794,1
1795,0
1796,3
1797,3
1798,2
1799,0
1800,0
1801,3
1802,3
1803,2
1804,1
1805,3
1806,3
1807,1
1808,0
1809,3
1810,1
1811,2
1812,0
1813,3
1814,2
1815,2
1816,3
1817,3
1818,3
1819,3
1820,0
1821,2
1822,1
1823,3
1824,1
1825,1
1826,3
1827,0
1828,3
1829,0
1830,0
1831,0
1832,0
1833,1
1834,0
1835,3
1836,3
1837,1
1838,3
1839,1
1840,3
1841,1
1842,0
1843,0
1844,1
1845,3
1846,3
1847,1
1848,2
1849,2
1850,3
1851,0
1852,1
1853,2
1854,0
1855,3
1856,3
1857,3
1858,0
1859,0
1860,1
1861,0
1862,0
1863,1
1864,3
1865,1
1866,2
1867,1
1868,2
1869,2
1870,3
1871,1
1872,0
1873,0
1874,3
1875,0
1876,0
1877,3
1878,3
1879,0
1880,2
1881,2
1882,2
1883,2
1884,0
1885,1
1886,3
1887,3
1888,2
1889,1
1890,3
1891,3
1892,3
1893,1
1894,0
1895,3
1896,2
1897,2
1898,3
1899,3
1900,3
1901,1
1902,3
1903,3
1904,2
1905,2
1906,3
1907,3
1908,3
1909,0
1910,1
1911,2
1912,3
1913,3
1914,3
1915,3
1916,2
1917,3
1918,3
1919,3
1920,3
1921,3
1922,1
1923,2
1924,1
1925,3
1926,3
1927,0
1928,1
1929,3
1930,3
1931,3
1932,1
1933,3
1934,2
1935,1
1936,3
1937,2
1938,0
1939,2
1940,0
1941,1
1942,1
1943,1
1944,1
1945,1
1946,1
1947,2
1948,0
1949,1
1950,3
1951,0
1952,3
1953,2
1954,3
1955,3
1956,3
1957,3
1958,3
1959,0
1960,3
1961,1
1962,2
1963,3
1964,0
1965,1
1966,3
1967,2
1968,1
1969,1
1970,3
1971,1
1972,3
1973,1
1974,3
1975,1
1976,2
1977,3
1978,1
1979,0
1980,0
1981,3
1982,1
1983,0
1984,0
1985,2
1986,2
1987,2
1988,3
1989,0
1990,1
1991,2
1992,0
1993,3
1994,3
1995,3
1996,0
1997,0
1998,3
1999,3
2000,1
2001,3
2002,2
2003,0
2004,2
2005,3
2006,3
2007,3
2008,0
2009,3
2010,0
2011,3
2012,3
2013,3
2014,2
2015,2
2016,3
2017,3
2018,2
2019,1
2020,1
2021,3
2022,2
2023,3
2024,2
2025,2
2026,0
2027,2
2028,1
2029,1
2030,3
2031,2
2032,3
2033,3
2034,1
2035,3
2036,2
2037,2
2038,0
2039,0
2040,3
2041,2
2042,3
2043,1
2044,2
2045,2
2046,2
2047,2
2048,1
2049,3
2050,2
2051,0
2052,-1
2053,3
2054,3
2055,3
2056,3
2057,1
2058,3
2059,3
2060,3
2061,3
2062,0
2063,3
2064,2
2065,3
2066,1
2067,0
2068,3
2069,3
2070,2
2071,2
2072,2
2073,0
2074,3
2075,0
2076,3
2077,2
2078,3
2079,3
2080,3
2081,3
2082,3
2083,3
2084,3
2085,1
2086,1
2087,3
2088,0
2089,0
2090,3
2091,3
2092,1
2093,0
2094,1
2095,1
2096,3
2097,1
2098,3
2099,0
2100,3
2101,3
2102,1
2103,2
2104,0
2105,3
2106,3
2107,0
2108,3
2109,2
2110,0
2111,1
2112,2
2113,2
2114,2
2115,1
2116,3
2117,1
2118,3
2119,1
2120,3
2121,3
2122,-1
2123,1
2124,3
2125,2
2126,2
2127,2
2128,0
2129,2
2130,3
2131,2
2132,1
2133,3
2134,3
2135,2
2136,-1
2137,3
2138,3
2139,3
2140,3
2141,-1
2142,3
2143,2
2144,3
2145,3
2146,0
2147,3
2148,3
2149,0
2150,1
2151,3
2152,2
2153,0
2154,3
2155,3
2156,3
2157,0
2158,0
2159,3
2160,3
2161,3
2162,0
2163,1
2164,1
2165,2
2166,1
2167,3
2168,0
2169,3
2170,1
2171,1
2172,3
2173,1
2174,0
2175,3
2176,2
2177,0
2178,0
2179,1
2180,3
2181,1
2182,2
2183,3
2184,2
2185,3
2186,1
2187,3
2188,0
2189,3
2190,3
2191,3
2192,1
2193,1
2194,3
2195,0
2196,0
2197,1
2198,3
2199,1
2200,3
2201,3
2202,0
2203,0
2204,3
2205,0
2206,0
2207,1
2208,1
2209,3
2210,3
2211,0
2212,3
2213,3
2214,3
2215,1
2216,3
2217,1
2218,3
2219,0
2220,3
2221,3
2222,3
2223,3
2224,2
2225,3
2226,3
2227,3
2228,3
2229,0
2230,0
2231,0
2232,2
2233,0
2234,3
2235,3
2236,3
2237,2
2238,2
2239,0
2240,3
2241,3
2242,3
2243,1
2244,0
2245,3
2246,1
2247,1
2248,1
2249,1
2250,3
2251,3
2252,3
2253,3
2254,2
2255,2
2256,3
2257,1
2258,1
2259,3
2260,3
2261,2
2262,3
2263,0
2264,0
2265,-1
2266,3
2267,3
2268,3
2269,3
2270,2
2271,1
2272,1
2273,3
2274,0
2275,3
2276,1
2277,3
2278,3
2279,3
2280,0
2281,0
2282,2
2283,2
2284,0
2285,0
2286,3
2287,1
2288,3
2289,3
2290,0
2291,3
2292,1
2293,1
2294,3
2295,0
2296,2
2297,3
2298,0
2299,0
2300,-1
2301,3
2302,3
2303,2
2304,1
2305,0
2306,0
2307,1
2308,3
2309,2
2310,2
2311,1
2312,0
2313,3
2314,0
2315,3
2316,1
2317,3
2318,3
2319,0
2320,0
2321,2
2322,1
2323,2
2324,3
2325,3
2326,3
2327,2
2328,3
2329,3
2330,1
2331,2
2332,3
2333,0
2334,2
2335,3
2336,3
2337,0
2338,3
2339,1
2340,3
2341,0
2342,0
2343,2
2344,3
2345,3
2346,0
2347,3
2348,-1
2349,3
2350,3
2351,1
2352,1
2353,0
2354,3
2355,0
2356,0
2357,0
2358,3
2359,3
2360,3
2361,3
2362,0
2363,0
2364,0
2365,3
2366,2
2367,3
2368,3
2369,3
2370,0
2371,1
2372,0
2373,3
2374,0
2375,0
2376,3
2377,-1
2378,3
2379,0
2380,1
2381,2
2382,3
2383,1
2384,2
2385,0
2386,3
2387,3
2388,3
2389,3
2390,0
2391,2
2392,3
2393,1
2394,1
2395,1
2396,0
2397,2
2398,3
2399,3
2400,-1
2401,3
2402,3
2403,2
2404,0
2405,0
2406,3
2407,3
2408,3
2409,2
2410,3
2411,3
2412,0
2413,0
2414,3
2415,3
2416,1
2417,3
2418,1
2419,1
2420,0
2421,3
2422,3
2423,2
2424,3
2425,2
2426,3
2427,3
2428,1
2429,3
2430,3
2431,0
2432,3
2433,3
2434,3
2435,3
2436,0
2437,3
2438,3
2439,3
2440,0
2441,0
2442,0
2443,3
2444,3
2445,3
2446,3
2447,2
2448,1
2449,0
2450,3
2451,2
2452,0
2453,3
2454,0
2455,2
2456,3
2457,3
2458,3
2459,0
2460,0
2461,2
2462,3
2463,0
2464,0
2465,2
2466,2
2467,1
2468,3
2469,2
2470,3
2471,1
2472,2
2473,3
2474,2
2475,3
2476,2
2477,3
2478,2
2479,1
2480,2
2481,0
2482,3
2483,3
2484,3
2485,2
2486,3
2487,3
2488,1
2489,2
2490,2
2491,1
2492,1
2493,0
2494,0
2495,2
2496,1
2497,3
2498,0
2499,2
2500,2
2501,3
2502,1
2503,3
2504,0
2505,0
2506,2
2507,3
2508,2
2509,1
2510,1
2511,3
2512,1
2513,2
2514,1
2515,2
2516,2
2517,3
2518,3
2519,2
2520,2
2521,3
2522,3
2523,0
2524,3
2525,0
2526,2
2527,1
2528,1
2529,3
2530,2
2531,2
2532,3
2533,3
2534,3
2535,2
2536,1
2537,2
2538,3
2539,2
2540,2
2541,3
2542,3
2543,3
2544,3
2545,3
2546,3
2547,0
2548,2
2549,0
2550,1
2551,3
2552,0
2553,3
2554,1
2555,3
2556,3
2557,3
2558,1
2559,1
2560,1
2561,1
2562,3
2563,3
2564,2
2565,3
2566,3
2567,0
2568,1
2569,3
2570,2
2571,0
2572,3
2573,0
2574,3
2575,3
2576,1
2577,2
2578,3
2579,3
2580,1
2581,3
2582,0
2583,3
2584,2
2585,1
2586,0
2587,3
2588,3
2589,2
2590,2
2591,3
2592,3
2593,3
2594,1
2595,0
2596,1
2597,0
2598,3
2599,1
2600,3
2601,3
2602,2
2603,1
2604,2
2605,0
2606,1
2607,1
2608,3
2609,3
2610,0
2611,0
2612,0
2613,0
2614,3
2615,2
2616,1
2617,2
2618,2
2619,0
2620,3
2621,3
2622,2
2623,3
2624,1
2625,0
2626,0
2627,2
2628,2
2629,3
2630,3
2631,2
2632,1
2633,3
2634,1
2635,3
2636,1
2637,0
2638,3
2639,0
2640,3
2641,2
2642,3
2643,2
2644,3
2645,3
2646,3
2647,2
2648,2
2649,1
2650,3
2651,1
2652,2
2653,0
2654,3
2655,2
2656,3
2657,0
2658,1
2659,2
2660,3
2661,3
2662,1
2663,3
2664,3
2665,1
2666,0
2667,3
2668,3
2669,2
2670,3
2671,2
2672,1
2673,3
2674,0
2675,0
2676,1
2677,2
2678,2
2679,2
2680,2
2681,2
2682,1
2683,1
2684,1
2685,0
2686,1
2687,0
2688,3
2689,3
2690,0
2691,1
2692,2
2693,0
2694,2
2695,0
2696,0
2697,3
2698,2
2699,1
2700,1
2701,3
2702,3
2703,3
2704,0
2705,3
2706,2
2707,0
2708,-1
2709,1
2710,3
2711,2
2712,0
2713,2
2714,0
2715,0
2716,1
2717,0
2718,3
2719,3
2720,2
2721,0
2722,3
2723,3
2724,2
2725,2
2726,3
2727,0
2728,3
2729,3
2730,3
2731,2
2732,3
2733,0
2734,3
2735,3
2736,3
2737,2
2738,3
2739,0
2740,2
2741,1
2742,0
2743,3
2744,3
2745,0
2746,2
2747,3
2748,0
2749,1
2750,2
2751,3
2752,0
2753,1
2754,3
2755,3
2756,0
2757,3
2758,0
2759,1
2760,3
2761,3
2762,-1
2763,1
2764,1
2765,1
2766,3
2767,3
2768,1
2769,3
2770,1
2771,3
2772,3
2773,2
2774,3
2775,3
2776,1
2777,2
2778,1
2779,3
2780,1
2781,2
2782,1
2783,3
2784,1
2785,0
2786,3
2787,0
2788,3
2789,0
2790,3
2791,2
2792,2
2793,3
2794,2
2795,-1
2796,2
2797,2
2798,0
2799,1
2800,3
2801,0
2802,2
2803,1
2804,0
2805,1
2806,2
2807,3
2808,3
2809,1
2810,3
2811,2
2812,0
2813,1
2814,1
2815,2
2816,1
2817,2
2818,2
2819,3
2820,3
2821,0
2822,1
2823,1
2824,1
2825,3
2826,0
2827,3
2828,3
2829,3
2830,3
2831,2
2832,2
2833,3
2834,0
2835,1
2836,0
2837,-1
2838,3
2839,3
2840,0
2841,3
2842,0
2843,3
2844,3
2845,2
2846,3
2847,0
2848,3
2849,0
2850,3
2851,2
2852,3
2853,0
2854,0
2855,1
2856,3
2857,3
2858,3
2859,2
2860,1
2861,-1
2862,0
2863,1
2864,0
2865,1
2866,3
2867,3
2868,3
2869,3
2870,0
2871,3
2872,2
2873,1
2874,0
2875,3
2876,2
2877,3
2878,1
2879,0
2880,2
2881,3
2882,3
2883,3
2884,3
2885,3
2886,0
2887,0
2888,0
2889,2
2890,0
2891,3
2892,0
2893,0
2894,1
2895,1
2896,3
2897,0
2898,2
2899,3
2900,2
2901,0
2902,3
2903,3
2904,1
2905,2
2906,3
2907,3
2908,1
2909,1
2910,2
2911,1
2912,2
2913,2
2914,3
2915,3
2916,3
2917,2
2918,2
2919,2
2920,3
2921,1
2922,2
2923,3
2924,3
2925,3
2926,3
2927,3
2928,1
2929,1
2930,3
2931,3
2932,0
2933,2
2934,1
2935,2
2936,2
2937,2
2938,3
2939,2
2940,3
2941,2
2942,1
2943,0
2944,3
2945,3
2946,3
2947,0
2948,0
2949,3
2950,0
2951,0
2952,3
2953,3
2954,3
2955,3
2956,-1
2957,2
2958,-1
2959,0
2960,1
2961,2
2962,2
2963,2
2964,2
2965,3
2966,3
2967,1
2968,0
2969,3
2970,3
2971,1
2972,3
2973,2
2974,1
2975,3
2976,3
2977,3
2978,1
2979,2
2980,3
2981,2
2982,2
2983,0
2984,-1
2985,3
2986,3
2987,3
2988,1
2989,2
2990,0
2991,3
2992,3
2993,2
2994,3
2995,3
2996,0
2997,2
2998,1
2999,0
3000,1
3001,3
3002,2
3003,3
3004,2
3005,3
3006,1
3007,0
3008,3
3009,1
3010,1
3011,3
3012,1
3013,3
3014,0
3015,2
3016,3
3017,0
3018,2
3019,3
3020,0
3021,3
3022,0
3023,3
3024,3
3025,3
3026,3
3027,0
3028,2
3029,3
3030,0
3031,1
3032,0
3033,1
3034,3
3035,3
3036,2
3037,2
3038,0
3039,3
3040,3
3041,2
3042,3
3043,1
3044,2
3045,1
3046,2
3047,3
3048,0
3049,1
3050,2
3051,3
3052,1
3053,3
3054,3
3055,1
3056,3
3057,1
3058,3
3059,3
3060,2
3061,2
3062,1
3063,3
3064,2
3065,3
3066,3
3067,3
3068,3
3069,0
3070,0
3071,3
3072,3
3073,0
3074,2
3075,1
3076,0
3077,3
3078,1
3079,0
3080,3
3081,3
3082,1
3083,0
3084,2
3085,1
3086,1
3087,2
3088,3
3089,3
3090,3
3091,2
3092,3
3093,3
3094,1
3095,3
3096,0
3097,2
3098,2
3099,3
3100,0
3101,1
3102,3
3103,3
3104,3
3105,0
3106,3
3107,3
3108,3
3109,1
3110,3
3111,3
3112,2
3113,3
3114,3
3115,0
3116,0
3117,0
3118,3
3119,3
3120,2
3121,0
3122,2
3123,1
3124,3
3125,1
3126,2
3127,1
3128,1
3129,0
3130,0
3131,2
3132,3
3133,1
3134,3
3135,1
3136,1
3137,3
3138,1
3139,0
3140,3
3141,3
3142,3
3143,2
3144,3
3145,2
3146,3
3147,2
3148,2
3149,2
3150,1
3151,3
3152,0
3153,0
3154,3
3155,2
3156,1
3157,3
3158,3
3159,0
3160,2
3161,3
3162,2
3163,3
3164,1
3165,3
3166,1
3167,2
3168,1
3169,2
3170,0
3171,3
3172,0
3173,2
3174,3
3175,1
3176,0
3177,1
3178,3
3179,3
3180,2
3181,1
3182,3
3183,1
3184,3
3185,2
3186,3
3187,3
3188,0
3189,2
3190,3
3191,2
3192,3
3193,3
3194,2
3195,3
3196,2
3197,0
3198,2
3199,3
3200,1
3201,2
3202,1
3203,3
3204,1
3205,0
3206,3
3207,3
3208,0
3209,2
3210,3
3211,1
3212,0
3213,2
3214,0
3215,3
3216,0
3217,3
3218,1
3219,3
3220,0
3221,3
3222,3
3223,0
3224,3
3225,0
3226,3
3227,2
3228,2
3229,2
3230,3
3231,3
3232,2
3233,2
3234,0
3235,2
3236,3
3237,3
3238,3
3239,-1
3240,0
3241,0
3242,3
3243,2
3244,3
3245,1
3246,3
3247,0
3248,2
3249,2
3250,2
3251,1
3252,3
3253,1
3254,2
3255,2
3256,-1
3257,0
3258,1
3259,3
3260,3
3261,3
3262,2
3263,1
3264,0
3265,0
3266,1
3267,3
3268,1
3269,3
3270,3
3271,3
3272,1
3273,0
3274,1
3275,3
3276,3
3277,2
3278,3
3279,3
3280,3
3281,3
3282,3
3283,0
3284,3
3285,3
3286,1
3287,0
3288,0
3289,3
3290,3
3291,2
3292,3
3293,0
3294,2
3295,1
3296,3
3297,3
3298,1
3299,3
3300,3
3301,0
3302,3
3303,0
3304,0
3305,1
3306,3
3307,1
3308,3
3309,2
3310,0
3311,3
3312,-1
3313,3
3314,3
3315,3
3316,3
3317,3
3318,1
3319,3
3320,3
3321,3
3322,1
3323,2
3324,1
3325,1
3326,3
3327,0
3328,1
3329,3
3330,3
3331,1
3332,3
3333,0
3334,3
3335,3
3336,2
3337,3
3338,3
3339,3
3340,3
3341,1
3342,3
3343,1
3344,2
3345,3
3346,3
3347,1
3348,0
3349,1
3350,3
3351,1
3352,3
3353,3
3354,3
3355,3
3356,1
3357,2
3358,3
3359,0
3360,3
3361,1
3362,0
3363,0
3364,0
3365,3
3366,0
3367,3
3368,3
3369,3
3370,1
3371,1
3372,1
3373,3
3374,3
3375,2
3376,3
3377,2
3378,3
3379,0
3380,3
3381,0
3382,2
3383,1
3384,3
3385,3
3386,2
3387,0
3388,0
3389,1
3390,2
3391,0
3392,2
3393,2
3394,0
3395,-1
3396,-1
3397,2
3398,2
3399,1
3400,1
3401,1
3402,2
3403,3
3404,3
3405,1
3406,-1
3407,1
3408,2
3409,2
3410,2
3411,2
3412,3
3413,3
3414,2
3415,1
3416,3
3417,3
3418,3
3419,2
3420,3
3421,0
3422,2
3423,3
3424,3
3425,3
3426,0
3427,3
3428,3
3429,0
3430,2
3431,3
3432,3
3433,0
3434,3
3435,0
3436,1
3437,1
3438,3
3439,3
3440,0
3441,3
3442,3
3443,1
3444,1
3445,3
3446,3
3447,1
3448,1
3449,0
3450,3
3451,0
3452,3
3453,0
3454,3
3455,1
3456,3
3457,3
3458,3
3459,3
3460,0
3461,1
3462,-1
3463,3
3464,0
3465,3
3466,0
3467,1
3468,3
3469,3
3470,3
3471,3
3472,3
3473,0
3474,0
3475,1
3476,1
3477,3
3478,3
3479,2
3480,0
3481,3
3482,0
3483,0
3484,3
3485,1
3486,0
3487,3
3488,3
3489,3
3490,1
3491,3
3492,0
3493,2
3494,3
3495,2
3496,1
3497,3
3498,0
3499,2
3500,3
3501,3
3502,3
3503,0
3504,1
3505,0
3506,3
3507,3
3508,2
3509,1
3510,-1
3511,2
3512,1
3513,3
3514,3
3515,2
3516,0
3517,0
3518,3
3519,2
3520,3
3521,1
3522,1
3523,2
3524,1
3525,3
3526,3
3527,-1
3528,1
3529,1
3530,3
3531,2
3532,2
3533,0
3534,1
3535,3
3536,2
3537,1
3538,1
3539,1
3540,2
3541,0
3542,1
3543,1
3544,0
3545,3
3546,3
3547,2
3548,1
3549,3
3550,3
3551,-1
3552,3
3553,2
3554,3
3555,2
3556,2
3557,0
3558,1
3559,3
3560,0
3561,2
3562,1
3563,1
3564,3
3565,0
3566,3
3567,3
3568,3
3569,3
3570,3
3571,2
3572,1
3573,0
3574,1
3575,0
3576,3
3577,0
3578,1
3579,1
3580,3
3581,1
3582,2
3583,0
3584,1
3585,3
3586,0
3587,2
3588,0
3589,1
3590,1
3591,1
3592,0
3593,2
3594,1
3595,0
3596,3
3597,3
3598,1
3599,3
3600,3
3601,3
3602,1
3603,3
3604,2
3605,2
3606,3
3607,0
3608,3
3609,3
3610,2
3611,1
3612,3
3613,1
3614,3
3615,3
3616,3
3617,3
3618,1
3619,1
3620,0
3621,1
3622,0
3623,1
3624,1
3625,0
3626,1
3627,1
3628,3
3629,3
3630,2
3631,0
3632,2
3633,0
3634,3
3635,3
3636,0
3637,2
3638,1
3639,0
3640,1
3641,3
3642,0
3643,3
3644,3
3645,1
3646,3
3647,0
3648,2
3649,3
3650,0
3651,3
3652,2
3653,2
3654,2
3655,0
3656,2
3657,3
3658,0
3659,3
3660,1
3661,0
3662,1
3663,1
3664,3
3665,3
3666,1
3667,2
3668,0
3669,2
3670,1
3671,0
3672,3
3673,1
3674,3
3675,3
3676,3
3677,0
3678,2
3679,0
3680,0
3681,0
3682,2
3683,0
3684,3
3685,1
3686,0
3687,2
3688,3
3689,3
3690,0
3691,0
3692,3
3693,1
3694,3
3695,1
3696,3
3697,1
3698,2
3699,3
3700,3
3701,3
3702,3
3703,2
3704,3
3705,3
3706,0
3707,3
3708,2
3709,2
3710,3
3711,3
3712,2
3713,3
3714,0
3715,2
3716,0
3717,0
3718,3
3719,1
3720,3
3721,-1
3722,3
3723,3
3724,2
3725,3
3726,0
3727,2
3728,0
3729,2
3730,3
3731,3
3732,3
3733,3
3734,0
3735,2
3736,3
3737,3
3738,1
3739,2
3740,2
3741,0
3742,1
3743,2
3744,3
3745,3
3746,3
3747,3
3748,2
3749,3
3750,-1
3751,2
3752,2
3753,2
3754,0
3755,1
3756,1
3757,3
3758,0
3759,1
3760,0
3761,0
3762,0
3763,0
3764,1
3765,2
3766,2
3767,2
3768,2
3769,3
3770,1
3771,2
3772,0
3773,0
3774,3
3775,1
3776,0
3777,3
3778,0
3779,3
3780,3
3781,3
3782,2
3783,1
3784,3
3785,1
3786,3
3787,0
3788,3
3789,3
3790,3
3791,3
3792,1
3793,3
3794,0
3795,3
3796,3
3797,1
3798,2
3799,3
3800,2
3801,2
3802,3
3803,2
3804,3
3805,2
3806,3
3807,3
3808,3
3809,3
3810,2
3811,0
3812,1
3813,1
3814,3
3815,2
3816,0
3817,3
3818,0
3819,2
3820,3
3821,2
3822,3
3823,0
3824,3
3825,0
3826,0
3827,3
3828,2
3829,3
3830,3
3831,0
3832,0
3833,2
3834,3
3835,3
3836,3
3837,3
3838,1
3839,0
3840,3
3841,3
3842,2
3843,3
3844,1
3845,1
3846,3
3847,0
3848,1
3849,2
3850,2
3851,1
3852,1
3853,3
3854,0
3855,0
3856,3
3857,3
3858,3
3859,3
3860,0
3861,0
3862,3
3863,3
3864,0
3865,1
3866,3
3867,2
3868,0
3869,3
3870,3
3871,2
3872,0
3873,1
3874,1
3875,2
3876,1
3877,3
3878,1
3879,0
3880,2
3881,3
3882,0
3883,3
3884,1
3885,0
3886,2
3887,2
3888,2
3889,3
3890,3
3891,0
3892,2
3893,2
3894,2
3895,1
3896,1
3897,-1
3898,3
3899,2
3900,3
3901,3
3902,3
3903,0
3904,3
3905,0
3906,0
3907,3
3908,2
3909,3
3910,3
3911,3
3912,1
3913,1
3914,3
3915,1
3916,0
3917,2
3918,1
3919,2
3920,3
3921,3
3922,0
3923,1
3924,2
3925,1
3926,3
3927,2
3928,1
3929,3
3930,3
3931,2
3932,1
3933,1
3934,2
3935,0
3936,0
3937,2
3938,1
3939,3
3940,1
3941,2
3942,1
3943,3
3944,1
3945,0
3946,3
3947,3
3948,0
3949,0
3950,1
3951,3
3952,3
3953,2
3954,3
3955,3
3956,3
3957,3
3958,1
3959,3
3960,1
3961,3
3962,-1
3963,3
3964,3
3965,3
3966,2
3967,3
3968,2
3969,1
3970,0
3971,1
3972,2
3973,0
3974,3
3975,1
3976,2
3977,1
3978,-1
3979,2
3980,3
3981,2
3982,3
3983,3
3984,3
3985,0
3986,1
3987,1
3988,2
3989,2
3990,3
3991,0
3992,0
3993,1
3994,3
3995,1
3996,1
3997,3
3998,2
3999,2
4000,3
4001,0
4002,1
4003,3
4004,2
4005,3
4006,0
4007,3
4008,3
4009,2
4010,1
4011,3
4012,3
4013,3
4014,3
4015,3
4016,3
4017,2
4018,3
4019,3
4020,1
4021,0
4022,1
4023,0
4024,0
4025,3
4026,1
4027,-1
4028,3
4029,2
4030,3
4031,3
4032,0
4033,3
4034,3
4035,0
4036,3
4037,2
4038,0
4039,0
4040,2
4041,2
4042,2
4043,3
4044,1
4045,3
4046,3
4047,3
4048,3
4049,0
4050,1
4051,3
4052,1
4053,3
4054,1
4055,3
4056,3
4057,3
4058,3
4059,2
4060,3
4061,1
4062,0
4063,0
4064,1
4065,3
4066,2
4067,1
4068,3
4069,2
4070,1
4071,1
4072,1
4073,2
4074,3
4075,1
4076,3
4077,2
4078,3
4079,3
4080,3
4081,0
4082,0
4083,0
4084,3
4085,2
4086,1
4087,3
4088,0
4089,3
4090,3
4091,1
4092,1
4093,3
4094,3
4095,2
4096,2
4097,0
4098,0
4099,2
4100,3
4101,1
4102,1
4103,0
4104,2
4105,0
4106,0
4107,1
4108,3
4109,2
4110,3
4111,2
4112,1
4113,0
4114,2
4115,3
4116,1
4117,0
4118,0
4119,3
4120,1
4121,2
4122,1
4123,3
4124,3
4125,0
4126,1
4127,0
4128,3
4129,0
4130,2
4131,0
4132,0
4133,3
4134,2
4135,1
4136,1
4137,1
4138,3
4139,0
4140,3
4141,1
4142,3
4143,1
4144,0
4145,1
4146,0
4147,-1
4148,0
4149,2
4150,1
4151,0
4152,3
4153,3
4154,3
4155,1
4156,1
4157,3
4158,3
4159,3
4160,-1
4161,3
4162,1
4163,2
4164,3
4165,3
4166,0
4167,1
4168,3
4169,0
4170,2
4171,2
4172,3
4173,3
4174,3
4175,3
4176,2
4177,2
4178,3
4179,2
4180,0
4181,1
4182,2
4183,1
4184,3
4185,1
4186,2
4187,3
4188,3
4189,2
4190,0
4191,0
4192,2
4193,3
4194,3
4195,2
4196,3
4197,2
4198,2
4199,0
4200,2
4201,0
4202,0
4203,1
4204,2
4205,3
4206,1
4207,1
4208,3
4209,3
4210,3
4211,0
4212,2
4213,1
4214,1
4215,0
4216,3
4217,2
4218,3
4219,3
4220,0
4221,3
4222,3
4223,3
4224,1
4225,0
4226,3
4227,2
4228,3
4229,3
4230,1
4231,3
4232,1
4233,1
4234,2
4235,2
4236,2
4237,2
4238,1
4239,3
4240,3
4241,0
4242,3
4243,3
4244,1
4245,0
4246,2
4247,0
4248,3
4249,2
4250,0
4251,2
4252,2
4253,3
4254,0
4255,2
4256,3
4257,0
4258,1
4259,2
4260,3
4261,1
4262,2
4263,3
4264,3
4265,2
4266,2
4267,3
4268,0
4269,1
4270,0
4271,1
4272,0
4273,3
4274,1
4275,3
4276,3
4277,1
4278,2
4279,2
4280,3
4281,1
4282,1
4283,0
4284,3
4285,0
4286,3
4287,1
4288,0
4289,3
4290,-1
4291,3
4292,0
4293,3
4294,1
4295,3
4296,3
4297,3
4298,1
4299,1
4300,1
4301,0
4302,1
4303,2
4304,1
4305,1
4306,1
4307,3
4308,2
4309,3
4310,1
4311,2
4312,3
4313,1
4314,3
4315,1
4316,0
4317,3
4318,3
4319,2
4320,3
4321,3
4322,2
4323,0
4324,3
4325,1
4326,1
4327,1
4328,0
4329,0
4330,0
4331,3
4332,0
4333,2
4334,1
4335,3
4336,0
4337,1
4338,2
4339,2
4340,3
4341,3
4342,0
4343,3
4344,3
4345,0
4346,3
4347,3
4348,0
4349,0
4350,3
4351,3
4352,3
4353,3
4354,0
4355,3
4356,3
4357,1
4358,3
4359,0
4360,0
4361,3
4362,3
4363,3
4364,0
4365,3
4366,2
4367,3
4368,0
4369,3
4370,3
4371,0
4372,3
4373,3
4374,2
4375,2
4376,1
4377,2
4378,1
4379,1
4380,2
4381,3
4382,3
4383,0
4384,1
4385,3
4386,0
4387,3
4388,0
4389,1
4390,1
4391,3
4392,3
4393,3
4394,1
4395,3
4396,1
4397,2
4398,1
4399,2
4400,1
4401,2
4402,3
4403,2
4404,3
4405,2
4406,3
4407,1
4408,3
4409,0
4410,1
4411,3
4412,3
4413,3
4414,2
4415,0
4416,0
4417,3
4418,2
4419,3
4420,3
4421,3
4422,3
4423,2
4424,0
4425,0
4426,3
4427,0
4428,1
4429,3
4430,3
4431,3
4432,1
4433,1
4434,1
4435,2
4436,3
4437,2
4438,0
4439,1
4440,3
4441,3
4442,3
4443,1
4444,2
4445,0
4446,2
4447,3
4448,0
4449,1
4450,0
4451,1
4452,1
4453,0
4454,0
4455,0
4456,3
4457,3
4458,2
4459,3
4460,1
4461,2
4462,3
4463,3
4464,3
4465,3
4466,2
4467,2
4468,2
4469,2
4470,0
4471,3
4472,3
4473,3
4474,3
4475,2
4476,2
4477,1
4478,0
4479,1
4480,2
4481,3
4482,3
4483,1
4484,2
4485,1
4486,-1
4487,2
4488,0
4489,3
4490,2
4491,3
4492,1
4493,2
4494,1
4495,0
4496,1
4497,1
4498,0
4499,2
4500,1
4501,2
4502,2
4503,2
4504,2
4505,-1
4506,3
4507,2
4508,2
4509,1
4510,3
4511,1
4512,2
4513,3
4514,3
4515,3
4516,2
4517,3
4518,0
4519,3
4520,1
4521,3
4522,0
4523,3
4524,3
4525,1
4526,0
4527,3
4528,3
4529,3
4530,2
4531,1
4532,3
4533,3
4534,0
4535,0
4536,1
4537,0
4538,0
4539,3
4540,-1
4541,0
4542,3
4543,2
4544,3
4545,3
4546,0
4547,0
4548,2
4549,3
4550,3
4551,2
4552,1
4553,1
4554,3
4555,0
4556,0
4557,2
4558,1
4559,3
4560,3
4561,3
4562,3
4563,0
4564,3
4565,0
4566,3
4567,1
4568,1
4569,1
4570,3
4571,3
4572,2
4573,0
4574,3
4575,0
4576,0
4577,2
4578,2
4579,3
4580,2
4581,1
4582,0
4583,0
4584,1
4585,3
4586,-1
4587,1
4588,3
4589,3
4590,3
4591,3
4592,0
4593,1
4594,3
4595,3
4596,2
4597,3
4598,3
4599,3
4600,3
4601,2
4602,0
4603,3
4604,0
4605,0
4606,-1
4607,1
4608,3
4609,2
4610,3
4611,2
4612,2
4613,1
4614,-1
4615,0
4616,3
4617,3
4618,3
4619,3
4620,2
4621,0
4622,1
4623,2
4624,3
4625,3
4626,3
4627,3
4628,3
4629,1
4630,2
4631,2
4632,3
4633,3
4634,1
4635,3
4636,1
4637,2
4638,3
4639,3
4640,0
4641,0
4642,1
4643,0
4644,-1
4645,0
4646,0
4647,2
4648,3
4649,1
4650,0
4651,0
4652,3
4653,1
4654,1
4655,3
4656,2
4657,3
4658,2
4659,2
4660,3
4661,0
4662,3
4663,-1
4664,-1
4665,3
4666,3
4667,0
4668,0
4669,1
4670,3
4671,2
4672,0
4673,0
4674,3
4675,3
4676,2
4677,2
4678,3
4679,0
4680,0
4681,1
4682,0
4683,0
4684,1
4685,3
4686,2
4687,1
4688,3
4689,0
4690,3
4691,1
4692,3
4693,2
4694,1
4695,2
4696,0
4697,1
4698,0
4699,3
4700,1
4701,3
4702,3
4703,3
4704,2
4705,2
4706,3
4707,3
4708,0
4709,2
4710,1
4711,0
4712,3
4713,0
4714,3
4715,3
4716,2
4717,3
4718,3
4719,1
4720,0
4721,3
4722,2
4723,0
4724,3
4725,0
4726,3
4727,0
4728,3
4729,3
4730,2
4731,3
4732,2
4733,1
4734,0
4735,1
4736,2
4737,3
4738,2
4739,-1
4740,3
4741,0
4742,1
4743,2
4744,0
4745,3
4746,0
4747,1
4748,1
4749,2
4750,1
4751,0
4752,2
4753,0
4754,2
4755,1
4756,3
4757,1
4758,2
4759,3
4760,2
4761,3
4762,2
4763,0
4764,1
4765,2
4766,3
4767,0
4768,2
4769,0
4770,0
4771,3
4772,3
4773,0
4774,3
4775,3
4776,3
4777,3
4778,3
4779,0
4780,1
4781,3
4782,2
4783,0
4784,3
4785,2
4786,3
4787,0
4788,2
4789,0
4790,3
4791,3
4792,3
4793,0
4794,2
4795,0
4796,0
4797,0
4798,3
4799,3
4800,3
4801,0
4802,3
4803,0
4804,3
4805,2
4806,0
4807,1
4808,1
4809,-1
4810,0
4811,3
4812,3
4813,1
4814,2
4815,1
4816,0
4817,2
4818,2
4819,0
4820,3
4821,2
4822,1
4823,3
4824,3
4825,1
4826,1
4827,1
4828,2
4829,3
4830,3
4831,3
4832,3
4833,2
4834,0
4835,2
4836,3
4837,3
4838,2
4839,3
4840,0
4841,0
4842,3
4843,3
4844,3
4845,2
4846,1
4847,0
4848,3
4849,3
4850,2
4851,1
4852,0
4853,0
4854,1
4855,3
4856,1
4857,0
4858,2
4859,1
4860,3
4861,2
4862,0
4863,0
4864,1
4865,3
4866,-1
4867,3
4868,1
4869,3
4870,2
4871,1
4872,3
4873,3
4874,3
4875,1
4876,3
4877,2
4878,1
4879,0
4880,1
4881,3
4882,2
4883,3
4884,2
4885,3
4886,1
4887,3
4888,2
4889,0
4890,3
4891,3
4892,0
4893,0
4894,-1
4895,2
4896,2
4897,1
4898,0
4899,0
4900,2
4901,2
4902,2
4903,3
4904,2
4905,3
4906,1
4907,2
4908,2
4909,2
4910,3
4911,3
4912,2
4913,1
4914,2
4915,2
4916,3
4917,2
4918,3
4919,0
4920,1
4921,1
4922,0
4923,3
4924,1
4925,1
4926,0
4927,1
4928,3
4929,3
4930,1
4931,1
4932,3
4933,2
4934,3
4935,1
4936,3
4937,0
4938,2
4939,3
4940,2
4941,1
4942,-1
4943,2
4944,1
4945,0
4946,2
4947,3
4948,1
4949,3
4950,1
4951,2
4952,1
4953,3
4954,0
4955,3
4956,3
4957,3
4958,3
4959,-1
4960,3
4961,1
4962,3
4963,3
4964,3
4965,1
4966,3
4967,1
4968,3
4969,3
4970,1
4971,2
4972,0
4973,0
4974,0
4975,0
4976,2
4977,2
4978,0
4979,3
4980,3
4981,3
4982,3
4983,3
4984,0
4985,3
4986,2
4987,3
4988,2
4989,0
4990,3
4991,3
4992,2
4993,1
4994,3
4995,2
4996,3
4997,1
4998,3
4999,3
5000,1
5001,2
5002,3
5003,0
5004,2
5005,0
5006,1
5007,1
5008,1
5009,0
5010,0
5011,1
5012,1
5013,2
5014,2
5015,1
5016,3
5017,3
5018,0
5019,3
5020,1
5021,0
5022,3
5023,3
5024,2
5025,1
5026,3
5027,0
5028,1
5029,3
5030,1
5031,-1
5032,3
5033,0
5034,3
5035,2
5036,3
5037,3
5038,3
5039,3
5040,1
5041,3
5042,3
5043,3
5044,2
5045,2
5046,3
5047,0
5048,2
5049,2
5050,2
5051,2
5052,3
5053,3
5054,3
5055,3
5056,1
5057,3
5058,1
5059,2
5060,0
5061,3
5062,3
5063,1
5064,1
5065,1
5066,2
5067,3
5068,1
5069,3
5070,0
5071,1
5072,0
5073,3
5074,0
5075,3
5076,3
5077,3
5078,3
5079,3
5080,0
5081,2
5082,3
5083,3
5084,1
5085,3
5086,3
5087,0
5088,0
5089,1
5090,3
5091,0
5092,3
5093,1
5094,0
5095,1
5096,0
5097,3
5098,3
5099,1
5100,1
5101,3
5102,3
5103,0
5104,3
5105,3
5106,0
5107,3
5108,3
5109,3
5110,0
5111,2
5112,3
5113,0
5114,2
5115,3
5116,2
5117,3
5118,3
5119,0
5120,3
5121,0
5122,1
5123,2
5124,1
5125,3
5126,1
5127,0
5128,3
5129,2
5130,0
5131,0
5132,1
5133,3
5134,1
5135,3
5136,1
5137,3
5138,3
5139,1
5140,3
5141,3
5142,3
5143,0
5144,3
5145,0
5146,1
5147,3
5148,0
5149,0
5150,3
5151,0
5152,1
5153,2
5154,0
5155,2
5156,1
5157,3
5158,0
5159,3
5160,3
5161,0
5162,1
5163,3
5164,3
5165,0
5166,3
5167,2
5168,3
5169,0
5170,0
5171,3
5172,0
5173,-1
5174,3
5175,3
5176,2
5177,3
5178,2
5179,1
5180,0
5181,3
5182,1
5183,0
5184,3
5185,2
5186,2
5187,3
5188,3
5189,0
5190,3
5191,0
5192,3
5193,1
5194,2
5195,0
5196,3
5197,3
5198,2
5199,3
5200,0
5201,2
5202,3
5203,3
5204,1
5205,3
5206,3
5207,2
5208,1
5209,2
5210,0
5211,2
5212,1
5213,3
5214,1
5215,3
5216,3
5217,3
5218,1
5219,2
5220,3
5221,3
5222,3
5223,1
5224,3
5225,2
5226,3
5227,1
5228,3
5229,0
5230,1
5231,0
5232,3
5233,1
5234,2
5235,3
5236,0
5237,0
5238,1
5239,-1
5240,3
5241,3
5242,2
5243,1
5244,0
5245,0
5246,0
5247,3
5248,2
5249,2
5250,0
5251,3
5252,1
5253,1
5254,0
5255,2
5256,3
5257,3
5258,2
5259,3
5260,1
5261,3
5262,3
5263,3
5264,3
5265,0
5266,2
5267,3
5268,3
5269,2
5270,1
5271,1
5272,0
5273,3
5274,1
5275,0
5276,1
5277,3
5278,0
5279,0
5280,3
5281,3
5282,3
5283,3
5284,3
5285,3
5286,1
5287,0
5288,1
5289,1
5290,1
5291,2
5292,0
5293,1
5294,3
5295,3
5296,2
5297,0
5298,-1
5299,3
5300,3
5301,3
5302,3
5303,2
5304,2
5305,0
5306,1
5307,0
5308,3
5309,1
5310,1
5311,3
5312,0
5313,1
5314,3
5315,3
5316,3
5317,3
5318,2
5319,3
5320,3
5321,0
5322,3
5323,0
5324,0
5325,2
5326,1
5327,3
5328,3
5329,2
5330,3
5331,0
5332,2
5333,1
5334,3
5335,1
5336,3
5337,2
5338,2
5339,0
5340,2
5341,3
5342,0
5343,3
5344,3
5345,3
5346,3
5347,-1
5348,3
5349,0
5350,0
5351,3
5352,3
5353,0
5354,3
5355,1
5356,3
5357,0
5358,3
5359,2
5360,2
5361,1
5362,3
5363,1
5364,3
5365,3
5366,3
5367,3
5368,0
5369,1
5370,3
5371,1
5372,1
5373,2
5374,-1
5375,0
5376,1
5377,3
5378,2
5379,1
5380,3
5381,3
5382,3
5383,1
5384,3
5385,2
5386,0
5387,0
5388,3
5389,3
5390,3
5391,1
5392,0
5393,3
5394,0
5395,3
5396,2
5397,1
5398,2
5399,-1
5400,3
5401,0
5402,3
5403,1
5404,2
5405,2
5406,1
5407,3
5408,3
5409,3
5410,3
5411,2
5412,2
5413,3
5414,2
5415,0
5416,1
5417,3
5418,1
5419,0
5420,3
5421,1
5422,1
5423,3
5424,3
5425,1
5426,3
5427,2
5428,0
5429,0
5430,1
5431,3
5432,3
5433,0
5434,1
5435,0
5436,1
5437,3
5438,0
5439,3
5440,3
5441,0
5442,1
5443,3
5444,0
5445,3
5446,3
5447,0
5448,3
5449,0
5450,0
5451,1
5452,3
5453,3
5454,3
5455,3
5456,3
5457,3
5458,2
5459,1
5460,0
5461,1
5462,2
5463,3
5464,0
5465,0
5466,3
5467,0
5468,2
5469,0
5470,3
5471,2
5472,0
5473,3
5474,1
5475,3
5476,3
5477,1
5478,3
5479,0
5480,3
5481,3
5482,2
5483,0
5484,1
5485,2
5486,0
5487,1
5488,3
5489,0
5490,3
5491,3
5492,0
5493,0
5494,0
5495,2
5496,3
5497,3
5498,3
5499,3
5500,2
5501,1
5502,0
5503,1
5504,2
5505,0
5506,3
5507,0
5508,0
5509,3
5510,1
5511,0
5512,0
5513,-1
5514,1
5515,3
5516,3
5517,0
5518,3
5519,0
5520,3
5521,1
5522,2
5523,3
5524,2
5525,1
5526,1
5527,1
5528,3
5529,2
5530,2
5531,3
5532,3
5533,2
5534,0
5535,1
5536,2
5537,1
5538,1
5539,3
5540,2
5541,3
5542,0
5543,0
5544,2
5545,3
5546,0
5547,3
5548,1
5549,2
5550,0
5551,0
5552,3
5553,2
5554,2
5555,1
5556,0
5557,0
5558,1
5559,3
5560,1
5561,2
5562,-1
5563,2
5564,1
5565,3
5566,3
5567,1
5568,0
5569,1
5570,3
5571,2
5572,1
5573,3
5574,1
5575,2
5576,3
5577,2
5578,3
5579,0
5580,3
5581,3
5582,2
5583,1
5584,3
5585,3
5586,1
5587,3
5588,3
5589,0
5590,3
5591,3
5592,3
5593,3
5594,0
5595,0
5596,0
5597,3
5598,2
5599,2
5600,0
5601,1
5602,2
5603,3
5604,0
5605,3
5606,3
5607,1
5608,3
5609,2
5610,2
5611,2
5612,1
5613,0
5614,0
5615,2
5616,3
5617,0
5618,0
5619,0
5620,3
5621,0
5622,0
5623,3
5624,2
5625,3
5626,0
5627,0
5628,3
5629,2
5630,0
5631,0
5632,0
5633,2
5634,3
5635,3
5636,1
5637,2
5638,1
5639,2
5640,3
5641,3
5642,0
5643,0
5644,2
5645,3
5646,1
5647,1
5648,3
5649,3
5650,0
5651,0
5652,1
5653,1
5654,1
5655,3
5656,2
5657,3
5658,3
5659,0
5660,3
5661,0
5662,0
5663,0
5664,2
5665,0
5666,3
5667,3
5668,1
5669,1
5670,1
5671,3
5672,2
5673,0
5674,1
5675,3
5676,2
5677,3
5678,0
5679,2
5680,0
5681,2
5682,1
5683,2
5684,3
5685,3
5686,3
5687,0
5688,2
5689,1
5690,1
5691,0
5692,0
5693,1
5694,1
5695,3
5696,2
5697,2
5698,1
5699,1
5700,2
5701,1
5702,3
5703,3
5704,3
5705,2
5706,0
5707,3
5708,1
5709,3
5710,3
5711,3
5712,1
5713,1
5714,2
5715,0
5716,0
5717,1
5718,1
5719,3
5720,0
5721,3
5722,3
5723,1
5724,3
5725,0
5726,3
5727,3
5728,3
5729,0
5730,2
5731,1
5732,1
5733,0
5734,3
5735,0
5736,1
5737,3
5738,1
5739,3
5740,3
5741,3
5742,3
5743,0
5744,3
5745,1
5746,3
5747,0
5748,1
5749,1
5750,2
5751,2
5752,0
5753,1
5754,3
5755,1
5756,3
5757,1
5758,3
5759,3
5760,2
5761,2
5762,0
5763,0
5764,3
5765,3
5766,0
5767,3
5768,3
5769,3
5770,2
5771,2
5772,1
5773,1
5774,1
5775,0
5776,-1
5777,3
5778,2
5779,3
5780,2
5781,1
5782,0
5783,3
5784,2
5785,3
5786,3
5787,3
5788,1
5789,2
5790,0
5791,1
5792,0
5793,3
5794,1
5795,3
5796,1
5797,3
5798,3
5799,2
5800,0
5801,1
5802,0
5803,0
5804,1
5805,1
5806,2
5807,0
5808,3
5809,1
5810,1
5811,0
5812,1
5813,3
5814,2
5815,3
5816,3
5817,0
5818,0
5819,2
5820,3
5821,0
5822,1
5823,1
5824,0
5825,3
5826,3
5827,3
5828,1
5829,1
5830,2
5831,0
5832,0
5833,2
5834,0
5835,2
5836,3
5837,0
5838,3
5839,3
5840,1
5841,0
5842,3
5843,2
5844,2
5845,1
5846,0
5847,3
5848,3
5849,2
5850,3
5851,3
5852,3
5853,2
5854,1
5855,0
5856,1
5857,2
5858,3
5859,1
5860,3
5861,2
5862,2
5863,1
5864,1
5865,1
5866,3
5867,3
5868,1
5869,0
5870,2
5871,2
5872,3
5873,3
5874,3
5875,2
5876,2
5877,3
5878,2
5879,0
5880,2
5881,1
5882,3
5883,3
5884,1
5885,2
5886,3
5887,3
5888,0
5889,2
5890,1
5891,3
5892,3
5893,3
5894,2
5895,3
5896,3
5897,1
5898,2
5899,2
5900,3
5901,0
5902,0
5903,1
5904,0
5905,0
5906,1
5907,0
5908,3
5909,1
5910,3
5911,3
5912,1
5913,2
5914,3
5915,1
5916,3
5917,1
5918,0
5919,1
5920,3
5921,3
5922,1
5923,2
5924,3
5925,1
5926,2
5927,1
5928,0
5929,3
5930,0
5931,2
5932,3
5933,1
5934,0
5935,3
5936,3
5937,3
5938,3
5939,3
5940,3
5941,1
5942,3
5943,3
5944,3
5945,1
5946,2
5947,3
5948,3
5949,1
5950,3
5951,2
5952,3
5953,1
5954,3
5955,2
5956,0
5957,1
5958,2
5959,1
5960,1
5961,0
5962,3
5963,3
5964,3
5965,0
5966,3
5967,0
5968,2
5969,3
5970,0
5971,3
5972,0
5973,3
5974,1
5975,2
5976,3
5977,3
5978,2
5979,3
5980,3
5981,0
5982,3
5983,3
5984,2
5985,3
5986,3
5987,3
5988,0
5989,2
5990,3
5991,2
5992,3
5993,0
5994,3
5995,2
5996,3
5997,3
5998,2
5999,1
6000,0
6001,0
6002,2
6003,0
6004,1
6005,3
6006,1
6007,0
6008,2
6009,3
6010,2
6011,0
6012,0
6013,2
6014,3
6015,0
6016,3
6017,1
6018,0
6019,1
6020,1
6021,1
6022,1
6023,3
6024,2
6025,3
6026,3
6027,2
6028,1
6029,2
6030,1
6031,1
6032,0
6033,2
6034,3
6035,1
6036,1
6037,1
6038,1
6039,0
6040,2
6041,1
6042,2
6043,3
6044,3
6045,0
6046,0
6047,0
6048,2
6049,3
6050,0
6051,2
6052,2
6053,3
6054,3
6055,3
6056,0
6057,3
6058,0
6059,1
6060,0
6061,2
6062,2
6063,2
6064,0
6065,1
6066,3
6067,0
6068,3
6069,3
6070,1
6071,2
6072,3
6073,2
6074,2
6075,1
6076,3
6077,2
6078,3
6079,3
6080,3
6081,2
6082,3
6083,3
6084,3
6085,0
6086,1
6087,1
6088,3
6089,3
6090,3
6091,0
6092,2
6093,2
6094,0
6095,0
6096,1
6097,3
6098,2
6099,3
6100,2
6101,3
6102,2
6103,3
6104,0
6105,0
6106,3
6107,3
6108,0
6109,1
6110,0
6111,3
6112,3
6113,0
6114,3
6115,3
6116,1
6117,0
6118,2
6119,2
6120,3
6121,3
6122,1
6123,3
6124,2
6125,3
6126,2
6127,0
6128,3
6129,2
6130,0
6131,2
6132,3
6133,3
6134,3
6135,3
6136,3
6137,3
6138,3
6139,3
6140,2
6141,0
6142,0
6143,0
6144,1
6145,3
6146,3
6147,1
6148,3
6149,1
6150,3
6151,0
6152,2
6153,1
6154,3
6155,2
6156,3
6157,2
6158,2
6159,0
6160,3
6161,2
6162,2
6163,0
6164,3
6165,1
6166,0
6167,1
6168,3
6169,0
6170,3
6171,3
6172,2
6173,3
6174,3
6175,1
6176,0
6177,0
6178,2
6179,2
6180,3
6181,0
6182,3
6183,2
6184,2
6185,2
6186,3
6187,3
6188,3
6189,3
6190,1
6191,1
6192,2
6193,1
6194,3
6195,1
6196,3
6197,2
6198,0
6199,3
6200,3
6201,1
6202,0
6203,1
6204,3
6205,2
6206,2
6207,3
6208,3
6209,0
6210,3
6211,0
6212,3
6213,2
6214,3
6215,3
6216,1
6217,1
6218,2
6219,1
6220,3
6221,0
6222,3
6223,0
6224,0
6225,1
6226,3
6227,3
6228,0
6229,1
6230,3
6231,1
6232,1
6233,0
6234,3
6235,3
6236,3
6237,0
6238,3
6239,2
6240,3
6241,2
6242,3
6243,3
6244,3
6245,0
6246,0
6247,2
6248,3
6249,3
6250,3
6251,3
6252,0
6253,-1
6254,1
6255,2
6256,1
6257,1
6258,0
6259,1
6260,2
6261,1
6262,3
6263,3
6264,3
6265,2
6266,0
6267,3
6268,1
6269,3
6270,3
6271,1
6272,3
6273,1
6274,3
6275,2
6276,3
6277,2
6278,3
6279,0
6280,0
6281,3
6282,3
6283,3
6284,0
6285,2
6286,0
6287,0
6288,3
6289,1
6290,3
6291,3
6292,3
6293,1
6294,0
6295,3
6296,1
6297,2
6298,3
6299,3
6300,1
6301,0
6302,2
6303,0
6304,3
6305,1
6306,1
6307,0
6308,1
6309,3
6310,3
6311,2
6312,1
6313,3
6314,3
6315,3
6316,1
6317,0
6318,0
6319,1
6320,2
6321,0
6322,3
6323,1
6324,1
6325,2
6326,1
6327,3
6328,2
6329,1
6330,2
6331,3
6332,1
6333,1
6334,3
6335,3
6336,0
6337,1
6338,3
6339,3
6340,1
6341,3
6342,2
6343,2
6344,0
6345,0
6346,2
6347,2
6348,2
6349,1
6350,3
6351,3
6352,1
6353,1
6354,1
6355,2
6356,3
6357,1
6358,3
6359,2
6360,3
6361,0
6362,3
6363,1
6364,3
6365,3
6366,0
6367,3
6368,2
6369,3
6370,3
6371,2
6372,2
6373,0
6374,1
6375,2
6376,3
6377,1
6378,2
6379,2
6380,3
6381,-1
6382,2
6383,3
6384,1
6385,3
6386,1
6387,1
6388,2
6389,3
6390,3
6391,1
6392,1
6393,0
6394,3
6395,2
6396,3
6397,2
6398,2
6399,3
6400,3
6401,3
6402,3
6403,3
6404,1
6405,0
6406,3
6407,0
6408,1
6409,0
6410,0
6411,0
6412,3
6413,3
6414,1
6415,3
6416,3
6417,1
6418,0
6419,2
6420,2
6421,3
6422,2
6423,0
6424,3
6425,3
6426,0
6427,3
6428,3
6429,3
6430,2
6431,3
6432,3
6433,3
6434,1
6435,0
6436,1
6437,3
6438,3
6439,2
6440,1
6441,0
6442,3
6443,0
6444,0
6445,3
6446,1
6447,2
6448,1
6449,3
6450,0
6451,1
6452,3
6453,3
6454,-1
6455,2
6456,0
6457,0
6458,3
6459,2
6460,3
6461,2
6462,0
6463,1
6464,2
6465,3
6466,3
6467,2
6468,3
6469,0
6470,3
6471,0
6472,0
6473,2
6474,1
6475,1
6476,2
6477,1
6478,1
6479,1
6480,3
6481,3
6482,2
6483,0
6484,2
6485,2
6486,1
6487,3
6488,2
6489,0
6490,0
6491,3
6492,0
6493,3
6494,3
6495,1
6496,1
6497,3
6498,3
6499,0
6500,3
6501,2
6502,3
6503,3
6504,3
6505,2
6506,3
6507,3
6508,2
6509,3
6510,2
6511,1
6512,1
6513,2
6514,3
6515,2
6516,3
6517,3
6518,3
6519,2
6520,3
6521,2
6522,1
6523,3
6524,3
6525,3
6526,1
6527,1
6528,3
6529,0
6530,3
6531,3
6532,3
6533,3
6534,3
6535,3
6536,1
6537,3
6538,1
6539,3
6540,0
6541,0
6542,0
6543,0
6544,0
6545,3
6546,1
6547,1
6548,1
6549,3
6550,1
6551,1
6552,2
6553,2
6554,3
6555,2
6556,3
6557,2
6558,1
6559,3
6560,2
6561,2
6562,3
6563,2
6564,0
6565,2
6566,1
6567,0
6568,3
6569,3
6570,3
6571,1
6572,1
6573,3
6574,1
6575,2
6576,0
6577,1
6578,3
6579,2
6580,0
6581,3
6582,1
6583,3
6584,0
6585,1
6586,2
6587,3
6588,0
6589,1
6590,0
6591,1
6592,3
6593,3
6594,3
6595,3
6596,0
6597,3
6598,2
6599,3
6600,0
6601,3
6602,3
6603,2
6604,1
6605,0
6606,3
6607,3
6608,2
6609,3
6610,1
6611,1
6612,0
6613,1
6614,1
6615,2
6616,1
6617,2
6618,1
6619,3
6620,0
6621,1
6622,3
6623,0
6624,2
6625,1
6626,3
6627,2
6628,3
6629,2
6630,1
6631,3
6632,-1
6633,3
6634,3
6635,2
6636,1
6637,1
6638,1
6639,0
6640,3
6641,3
6642,0
6643,2
6644,3
6645,3
6646,2
6647,3
6648,3
6649,1
6650,3
6651,3
6652,3
6653,3
6654,1
6655,3
6656,3
6657,1
6658,1
6659,3
6660,2
6661,1
6662,3
6663,2
6664,2
6665,3
6666,1
6667,3
6668,1
6669,3
6670,0
6671,3
6672,3
6673,0
6674,1
6675,2
6676,1
6677,3
6678,3
6679,3
6680,2
6681,2
6682,0
6683,3
6684,0
6685,2
6686,3
6687,3
6688,3
6689,0
6690,1
6691,2
6692,0
6693,3
6694,2
6695,1
6696,3
6697,3
6698,0
6699,2
6700,0
6701,1
6702,3
6703,2
6704,2
6705,3
6706,2
6707,0
6708,3
6709,1
6710,3
6711,3
6712,2
6713,3
6714,0
6715,3
6716,3
6717,0
6718,0
6719,2
6720,0
6721,2
6722,2
6723,0
6724,1
6725,3
6726,1
6727,1
6728,2
6729,0
6730,0
6731,3
6732,3
6733,2
6734,3
6735,2
6736,1
6737,3
6738,1
6739,3
6740,1
6741,2
6742,2
6743,0
6744,3
6745,3
6746,0
6747,2
6748,0
6749,1
6750,3
6751,0
6752,2
6753,2
6754,0
6755,2
6756,1
6757,2
6758,2
6759,1
6760,0
6761,0
6762,0
6763,3
6764,3
6765,1
6766,2
6767,0
6768,1
6769,2
6770,3
6771,3
6772,0
6773,3
6774,2
6775,0
6776,2
6777,3
6778,3
6779,1
6780,3
6781,2
6782,2
6783,0
6784,1
6785,0
6786,3
6787,2
6788,1
6789,1
6790,3
6791,3
6792,0
6793,3
6794,3
6795,3
6796,3
6797,2
6798,2
6799,2
6800,3
6801,0
6802,3
6803,2
6804,1
6805,0
6806,3
6807,3
6808,1
6809,2
6810,3
6811,2
6812,3
6813,2
6814,3
6815,3
6816,3
6817,2
6818,0
6819,0
6820,2
6821,3
6822,1
6823,2
6824,0
6825,1
6826,0
6827,0
6828,3
6829,3
6830,0
6831,3
6832,2
6833,1
6834,2
6835,3
6836,3
6837,3
6838,1
6839,1
6840,1
6841,3
6842,3
6843,0
6844,0
6845,0
6846,3
6847,1
6848,1
6849,3
6850,3
6851,0
6852,2
6853,0
6854,0
6855,2
6856,0
6857,3
6858,2
6859,-1
6860,0
6861,3
6862,1
6863,0
6864,1
6865,2
6866,1
6867,0
6868,2
6869,3
6870,1
6871,2
6872,1
6873,3
6874,1
6875,1
6876,2
6877,0
6878,2
6879,3
6880,3
6881,-1
6882,3
6883,1
6884,3
6885,1
6886,0
6887,2
6888,3
6889,3
6890,1
6891,0
6892,3
6893,0
6894,-1
6895,1
6896,1
6897,2
6898,1
6899,0
6900,1
6901,2
6902,0
6903,3
6904,3
6905,3
6906,3
6907,0
6908,3
6909,0
6910,0
6911,1
6912,3
6913,3
6914,2
6915,2
6916,2
6917,2
6918,0
6919,2
6920,0
6921,3
6922,1
6923,0
6924,3
6925,3
6926,0
6927,3
6928,3
6929,3
6930,0
6931,1
6932,1
6933,1
6934,1
6935,1
6936,3
6937,3
6938,3
6939,0
6940,2
6941,3
6942,2
6943,0
6944,2
6945,0
6946,2
6947,2
6948,3
6949,2
6950,0
6951,3
6952,3
6953,3
6954,1
6955,3
6956,3
6957,2
6958,0
6959,3
6960,3
6961,3
6962,3
6963,2
6964,3
6965,3
6966,0
6967,0
6968,3
6969,3
6970,2
6971,-1
6972,1
6973,3
6974,0
6975,3
6976,2
6977,0
6978,3
6979,2
6980,3
6981,2
6982,3
6983,3
6984,3
6985,0
6986,0
6987,3
6988,3
6989,3
6990,1
6991,3
6992,3
6993,1
6994,1
6995,3
6996,2
6997,3
6998,3
6999,3
7000,2
7001,0
7002,1
7003,0
7004,0
7005,0
7006,2
7007,1
7008,0
7009,2
7010,1
7011,3
7012,0
7013,3
7014,1
7015,3
7016,3
7017,3
7018,1
7019,2
7020,3
7021,0
7022,3
7023,3
7024,1
7025,3
7026,3
7027,1
7028,3
7029,1
7030,3
7031,0
7032,0
7033,2
7034,1
7035,2
7036,3
7037,3
7038,2
7039,1
7040,3
7041,3
7042,2
7043,2
7044,3
7045,2
7046,3
7047,1
7048,3
7049,0
7050,3
7051,1
7052,1
7053,2
7054,2
7055,1
7056,-1
7057,3
7058,3
7059,0
7060,3
7061,3
7062,3
7063,0
7064,3
7065,3
7066,1
7067,2
7068,3
7069,3
7070,1
7071,1
7072,2
7073,3
7074,1
7075,2
7076,1
7077,2
7078,2
7079,3
7080,1
7081,1
7082,1
7083,1
7084,2
7085,2
7086,3
7087,3
7088,3
7089,3
7090,3
7091,1
7092,0
7093,1
7094,0
7095,3
7096,1
7097,3
7098,3
7099,3
7100,2
7101,3
7102,1
7103,3
7104,3
7105,1
7106,0
7107,3
7108,0
7109,2
7110,2
7111,3
7112,3
7113,1
7114,0
7115,1
7116,3
7117,3
7118,3
7119,-1
7120,3
7121,3
7122,3
7123,2
7124,0
7125,3
7126,0
7127,3
7128,1
7129,0
7130,0
7131,2
7132,0
7133,2
7134,3
7135,3
7136,2
7137,0
7138,3
7139,2
7140,0
7141,3
7142,3
7143,1
7144,3
7145,3
7146,0
7147,3
7148,0
7149,3
7150,3
7151,3
7152,3
7153,0
7154,2
7155,3
7156,2
7157,2
7158,1
7159,1
7160,3
7161,1
7162,1
7163,1
7164,3
7165,3
7166,3
7167,3
7168,3
7169,1
7170,1
7171,0
7172,0
7173,0
7174,3
7175,2
7176,0
7177,3
7178,2
7179,0
7180,3
7181,0
7182,2
7183,0
7184,2
7185,3
7186,0
7187,2
7188,3
7189,3
7190,3
7191,3
7192,1
7193,3
7194,0
7195,0
7196,3
7197,0
7198,1
7199,3
7200,0
7201,3
7202,1
7203,3
7204,0
7205,1
7206,2
7207,1
7208,3
7209,1
7210,3
7211,3
7212,2
7213,2
7214,1
7215,3
7216,1
7217,2
7218,3
7219,2
7220,3
7221,2
7222,3
7223,0
7224,3
7225,0
7226,2
7227,2
7228,3
7229,1
7230,3
7231,2
7232,3
7233,3
7234,3
7235,0
7236,3
7237,2
7238,3
7239,1
7240,3
7241,2
7242,0
7243,2
7244,0
7245,3
7246,2
7247,0
7248,2
7249,1
7250,1
7251,1
7252,0
7253,3
7254,1
7255,0
7256,1
7257,2
7258,0
7259,1
7260,3
7261,0
7262,1
7263,3
7264,1
7265,0
7266,3
7267,2
7268,2
7269,0
7270,1
7271,1
7272,3
7273,0
7274,0
7275,0
7276,3
7277,2
7278,2
7279,2
7280,2
7281,3
7282,2
7283,3
7284,3
7285,2
7286,3
7287,0
7288,1
7289,2
7290,2
7291,3
7292,2
7293,0
7294,0
7295,2
7296,0
7297,2
7298,3
7299,3
7300,0
7301,2
7302,0
7303,3
7304,1
7305,3
7306,0
7307,3
7308,2
7309,0
7310,3
7311,3
7312,3
7313,3
7314,3
7315,3
7316,0
7317,3
7318,0
7319,3
7320,0
7321,3
7322,3
7323,0
7324,3
7325,2
7326,3
7327,3
7328,2
7329,3
7330,0
7331,3
7332,0
7333,0
7334,3
7335,2
7336,3
7337,1
7338,2
7339,2
7340,0
7341,2
7342,3
7343,2
7344,2
7345,3
7346,1
7347,3
7348,0
7349,0
7350,1
7351,0
7352,1
7353,1
7354,3
7355,3
7356,3
7357,3
7358,3
7359,0
7360,0
7361,3
7362,3
7363,2
7364,0
7365,2
7366,2
7367,3
7368,3
7369,3
7370,3
7371,3
7372,3
7373,2
7374,0
7375,1
7376,3
7377,2
7378,3
7379,1
7380,1
7381,2
7382,1
7383,0
7384,0
7385,2
7386,0
7387,0
7388,0
7389,0
7390,1
7391,0
7392,0
7393,3
7394,3
7395,1
7396,0
7397,0
7398,2
7399,0
7400,2
7401,2
7402,2
7403,3
7404,1
7405,1
7406,3
7407,2
7408,3
7409,1
7410,0
7411,0
7412,2
7413,3
7414,2
7415,0
7416,3
7417,1
7418,3
7419,3
7420,2
7421,3
7422,1
7423,3
7424,3
7425,3
7426,3
7427,3
7428,1
7429,2
7430,3
7431,3
7432,3
7433,3
7434,3
7435,1
7436,1
7437,3
7438,3
7439,3
7440,3
7441,0
7442,3
7443,3
7444,3
7445,3
7446,3
7447,3
7448,1
7449,0
7450,3
7451,-1
7452,3
7453,3
7454,3
7455,1
7456,2
7457,2
7458,1
7459,0
7460,2
7461,1
7462,0
7463,3
7464,3
7465,2
7466,0
7467,0
7468,2
7469,3
7470,0
7471,0
7472,3
7473,2
7474,3
7475,3
7476,3
7477,3
7478,0
7479,2
7480,3
7481,2
7482,0
7483,0
7484,3
7485,3
7486,3
7487,1
7488,3
7489,0
7490,1
7491,3
7492,2
7493,2
7494,3
7495,1
7496,3
7497,3
7498,0
7499,1
7500,2
7501,1
7502,2
7503,0
7504,3
7505,2
7506,0
7507,3
7508,1
7509,3
7510,3
7511,3
7512,0
7513,2
7514,3
7515,0
7516,2
7517,1
7518,3
7519,3
7520,3
7521,2
7522,3
7523,1
7524,1
7525,0
7526,1
7527,2
7528,0
7529,1
7530,0
7531,0
7532,3
7533,1
7534,3
7535,0
7536,2
7537,3
7538,3
7539,3
7540,1
7541,0
7542,0
7543,1
7544,2
7545,3
7546,3
7547,3
7548,3
7549,2
7550,2
7551,3
7552,0
7553,0
7554,3
7555,1
7556,0
7557,1
7558,0
7559,0
7560,1
7561,1
7562,1
7563,3
7564,1
7565,3
7566,0
7567,1
7568,3
7569,3
7570,0
7571,0
7572,1
7573,0
7574,3
7575,1
7576,2
7577,3
7578,0
7579,3
7580,0
7581,1
7582,3
7583,3
7584,2
7585,0
7586,3
7587,2
7588,0
7589,1
7590,1
7591,3
7592,3
7593,0
7594,1
7595,2
7596,3
7597,0
7598,0
7599,1
7600,3
7601,3
7602,0
7603,1
7604,2
7605,0
7606,0
7607,0
7608,3
7609,2
7610,1
7611,2
7612,0
7613,1
7614,2
7615,1
7616,3
7617,0
7618,2
7619,3
7620,3
7621,3
7622,3
7623,2
7624,0
7625,1
7626,0
7627,2
7628,2
7629,3
7630,1
7631,3
7632,2
7633,1
7634,2
7635,2
7636,3
7637,0
7638,3
7639,2
7640,1
7641,0
7642,3
7643,0
7644,3
7645,0
7646,3
7647,1
7648,1
7649,1
7650,2
7651,2
7652,1
7653,0
7654,3
7655,2
7656,-1
7657,3
7658,1
7659,2
7660,3
7661,3
7662,2
7663,1
7664,3
7665,1
7666,3
7667,1
7668,3
7669,0
7670,1
7671,3
7672,3
7673,1
7674,2
7675,0
7676,2
7677,3
7678,2
7679,3
7680,3
7681,1
7682,2
7683,3
7684,1
7685,2
7686,2
7687,3
7688,3
7689,3
7690,0
7691,2
7692,1
7693,3
7694,0
7695,0
7696,0
7697,3
7698,2
7699,1
7700,3
7701,3
7702,2
7703,3
7704,1
7705,3
7706,3
7707,1
7708,2
7709,1
7710,3
7711,3
7712,3
7713,2
7714,3
7715,3
7716,2
7717,1
7718,0
7719,2
7720,0
7721,0
7722,3
7723,2
7724,2
7725,3
7726,0
7727,2
7728,1
7729,0
7730,0
7731,0
7732,0
7733,1
7734,3
7735,1
7736,0
7737,1
7738,2
7739,2
7740,3
7741,2
7742,2
7743,1
7744,0
7745,3
7746,0
7747,3
7748,3
7749,1
7750,3
7751,3
7752,1
7753,3
7754,0
7755,3
7756,3
7757,0
7758,0
7759,3
7760,3
7761,2
7762,0
7763,2
7764,3
7765,3
7766,2
7767,2
7768,0
7769,3
7770,3
7771,1
7772,2
7773,1
7774,1
7775,3
7776,3
7777,3
7778,0
7779,1
7780,0
7781,1
7782,2
7783,3
7784,2
7785,3
7786,2
7787,3
7788,1
7789,3
7790,1
7791,1
7792,1
7793,1
7794,0
7795,3
7796,3
7797,3
7798,2
7799,0
7800,3
7801,2
7802,0
7803,3
7804,2
7805,1
7806,3
7807,2
7808,3
7809,1
7810,3
7811,2
7812,0
7813,1
7814,3
7815,0
7816,1
7817,3
7818,0
7819,3
7820,2
7821,3
7822,2
7823,3
7824,2
7825,3
7826,3
7827,3
7828,1
7829,0
7830,0
7831,1
7832,3
7833,3
7834,3
7835,1
7836,3
7837,3
7838,2
7839,3
7840,3
7841,3
7842,2
7843,0
7844,3
7845,0
7846,1
7847,3
7848,3
7849,0
7850,3
7851,0
7852,1
7853,0
7854,2
7855,3
7856,3
7857,3
7858,3
7859,0
7860,0
7861,1
7862,1
7863,2
7864,0
7865,3
7866,3
7867,0
7868,2
7869,0
7870,2
7871,3
7872,2
7873,0
7874,3
7875,2
7876,3
7877,1
7878,0
7879,3
7880,2
7881,2
7882,3
7883,2
7884,3
7885,3
7886,3
7887,2
7888,0
7889,3
7890,3
7891,3
7892,2
7893,3
7894,1
7895,2
7896,3
7897,2
7898,3
7899,3
7900,3
7901,3
7902,3
7903,1
7904,0
7905,-1
7906,1
7907,3
7908,3
7909,1
7910,1
7911,0
7912,3
7913,1
7914,3
7915,2
7916,3
7917,3
7918,0
7919,3
7920,1
7921,1
7922,0
7923,3
7924,0
7925,3
7926,1
7927,2
7928,2
7929,0
7930,3
7931,3
7932,3
7933,3
7934,1
7935,1
7936,3
7937,0
7938,3
7939,3
7940,1
7941,0
7942,1
7943,3
7944,3
7945,1
7946,0
7947,1
7948,3
7949,1
7950,0
7951,0
7952,1
7953,3
7954,2
7955,3
7956,3
7957,2
7958,2
7959,3
7960,1
7961,0
7962,0
7963,2
7964,3
7965,3
7966,2
7967,3
7968,1
7969,3
7970,2
7971,0
7972,2
7973,2
7974,3
7975,3
7976,0
7977,3
7978,3
7979,3
7980,1
7981,1
7982,3
7983,1
7984,0
7985,2
7986,1
7987,2
7988,2
7989,3
7990,2
7991,2
7992,3
7993,1
7994,0
7995,3
7996,2
7997,3
7998,3
7999,0
8000,0
8001,0
8002,3
8003,3
8004,3
8005,1
8006,3
8007,0
8008,1
8009,3
8010,0
8011,3
8012,1
8013,1
8014,3
8015,3
8016,1
8017,3
8018,3
8019,3
8020,0
8021,3
8022,3
8023,1
8024,0
8025,2
8026,2
8027,3
8028,1
8029,3
8030,3
8031,1
8032,3
8033,3
8034,2
8035,3
8036,3
8037,3
8038,0
8039,3
8040,3
8041,0
8042,0
8043,2
8044,3
8045,1
8046,0
8047,3
8048,2
8049,3
8050,0
8051,1
8052,1
8053,1
8054,3
8055,0
8056,2
8057,3
8058,3
8059,0
8060,0
8061,2
8062,1
8063,1
8064,1
8065,1
8066,0
8067,3
8068,3
8069,1
8070,3
8071,0
8072,2
8073,3
8074,3
8075,3
8076,1
8077,2
8078,2
8079,0
8080,0
8081,1
8082,3
8083,3
8084,3
8085,1
8086,3
8087,3
8088,0
8089,3
8090,2
8091,1
8092,3
8093,2
8094,1
8095,2
8096,3
8097,0
8098,-1
8099,3
8100,0
8101,3
8102,0
8103,3
8104,0
8105,0
8106,1
8107,1
8108,0
8109,2
8110,3
8111,3
8112,3
8113,3
8114,1
8115,2
8116,3
8117,2
8118,1
8119,3
8120,0
8121,3
8122,1
8123,1
8124,3
8125,3
8126,1
8127,3
8128,1
8129,-1
8130,0
8131,2
8132,1
8133,2
8134,1
8135,2
8136,3
8137,3
8138,2
8139,2
8140,1
8141,2
8142,1
8143,1
8144,0
8145,2
8146,2
8147,0
8148,-1
8149,1
8150,3
8151,3
8152,1
8153,3
8154,1
8155,0
8156,2
8157,1
8158,0
8159,2
8160,3
8161,3
8162,3
8163,3
8164,3
8165,0
8166,3
8167,2
8168,3
8169,1
8170,3
8171,3
8172,3
8173,0
8174,1
8175,1
8176,3
8177,3
8178,3
8179,1
8180,3
8181,3
8182,3
8183,3
8184,1
8185,2
8186,1
8187,2
8188,3
8189,0
8190,3
8191,3
8192,1
8193,2
8194,1
8195,1
8196,3
8197,1
8198,0
8199,2
8200,3
8201,1
8202,2
8203,3
8204,3
8205,3
8206,0
8207,1
8208,2
8209,1
8210,1
8211,1
8212,2
8213,1
8214,0
8215,3
8216,3
8217,2
8218,3
8219,1
8220,3
8221,3
8222,1
8223,3
8224,1
8225,3
8226,0
8227,1
8228,1
8229,1
8230,2
8231,1
8232,2
8233,2
8234,1
8235,0
8236,0
8237,0
8238,2
8239,1
8240,3
8241,3
8242,-1
8243,0
8244,0
8245,3
8246,0
8247,2
8248,1
8249,3
8250,3
8251,2
8252,3
8253,2
8254,0
8255,3
8256,2
8257,0
8258,3
8259,3
8260,3
8261,3
8262,-1
8263,1
8264,3
8265,3
8266,3
8267,3
8268,3
8269,0
8270,2
8271,3
8272,1
8273,0
8274,3
8275,0
8276,3
8277,1
8278,1
8279,0
8280,3
8281,3
8282,1
8283,2
8284,0
8285,0
8286,2
8287,0
8288,0
8289,0
8290,2
8291,1
8292,1
8293,1
8294,3
8295,3
8296,1
8297,2
8298,3
8299,0
8300,2
8301,2
8302,1
8303,2
8304,3
8305,3
8306,3
8307,1
8308,3
8309,3
8310,3
8311,2
8312,3
8313,1
8314,1
8315,3
8316,3
8317,2
8318,-1
8319,3
8320,1
8321,3
8322,3
8323,1
8324,2
8325,-1
8326,2
8327,3
8328,0
8329,1
8330,2
8331,0
8332,2
8333,3
8334,3
8335,3
8336,3
8337,3
8338,3
8339,3
8340,1
8341,2
8342,0
8343,0
8344,3
8345,3
8346,0
8347,2
8348,-1
8349,0
8350,1
8351,0
8352,2
8353,2
8354,3
8355,3
8356,1
8357,3
8358,2
8359,3
8360,3
8361,3
8362,3
8363,3
8364,2
8365,3
8366,0
8367,2
8368,1
8369,1
8370,2
8371,0
8372,3
8373,2
8374,2
8375,2
8376,1
8377,1
8378,3
8379,3
8380,3
8381,0
8382,0
8383,3
8384,0
8385,3
8386,1
8387,3
8388,2
8389,3
8390,0
8391,3
8392,3
8393,1
8394,3
8395,0
8396,-1
8397,3
8398,0
8399,0
8400,1
8401,1
8402,0
8403,3
8404,2
8405,3
8406,1
8407,1
8408,2
8409,3
8410,1
8411,0
8412,3
8413,3
8414,1
8415,1
8416,3
8417,3
8418,1
8419,3
8420,2
8421,3
8422,0
8423,2
8424,3
8425,2
8426,2
8427,2
8428,3
8429,3
8430,0
8431,3
8432,1
8433,2
8434,3
8435,3
8436,2
8437,1
8438,3
8439,2
8440,1
8441,1
8442,2
8443,0
8444,2
8445,1
8446,3
8447,3
8448,3
8449,2
8450,0
8451,1
8452,0
8453,2
8454,3
8455,0
8456,0
8457,0
8458,2
8459,3
8460,3
8461,0
8462,3
8463,2
8464,3
8465,0
8466,1
8467,1
8468,0
8469,2
8470,0
8471,2
8472,3
8473,0
8474,3
8475,3
8476,3
8477,3
8478,2
8479,3
8480,2
8481,2
8482,2
8483,3
8484,0
8485,3
8486,3
8487,0
8488,0
8489,2
8490,1
8491,1
8492,2
8493,3
8494,3
8495,0
8496,2
8497,1
8498,3
8499,3
8500,3
8501,2
8502,3
8503,3
8504,3
8505,2
8506,3
8507,0
8508,1
8509,1
8510,3
8511,-1
8512,1
8513,1
8514,2
8515,0
8516,1
8517,2
8518,3
8519,2
8520,3
8521,3
8522,3
8523,3
8524,3
8525,2
8526,1
8527,3
8528,1
8529,3
8530,0
8531,0
8532,0
8533,3
8534,2
8535,2
8536,0
8537,3
8538,2
8539,3
8540,3
8541,0
8542,3
8543,2
8544,0
8545,1
8546,1
8547,1
8548,0
8549,0
8550,3
8551,3
8552,1
8553,3
8554,3
8555,3
8556,1
8557,0
8558,3
8559,1
8560,3
8561,2
8562,0
8563,3
8564,2
8565,0
8566,2
8567,2
8568,1
8569,3
8570,0
8571,3
8572,3
8573,3
8574,0
8575,1
8576,1
8577,3
8578,2
8579,3
8580,2
8581,1
8582,2
8583,3
8584,3
8585,1
8586,3
8587,0
8588,3
8589,1
8590,3
8591,3
8592,2
8593,3
8594,1
8595,3
8596,0
8597,1
8598,0
8599,1
8600,0
8601,2
8602,3
8603,1
8604,3
8605,3
8606,3
8607,2
8608,3
8609,1
8610,0
8611,1
8612,3
8613,2
8614,1
8615,3
8616,3
8617,3
8618,2
8619,1
8620,3
8621,0
8622,1
8623,3
8624,3
8625,3
8626,1
8627,2
8628,2
8629,3
8630,0
8631,3
8632,-1
8633,3
8634,3
8635,2
8636,1
8637,3
8638,1
8639,3
8640,2
8641,3
8642,1
8643,2
8644,3
8645,1
8646,3
8647,3
8648,3
8649,2
8650,3
8651,0
8652,3
8653,3
8654,1
8655,3
8656,3
8657,3
8658,3
8659,2
8660,0
8661,3
8662,3
8663,1
8664,0
8665,0
8666,0
8667,1
8668,2
8669,2
8670,3
8671,0
8672,-1
8673,1
8674,1
8675,3
8676,2
8677,1
8678,1
8679,3
8680,2
8681,1
8682,3
8683,3
8684,2
8685,2
8686,3
8687,2
8688,2
8689,3
8690,3
8691,1
8692,3
8693,3
8694,0
8695,0
8696,3
8697,1
8698,3
8699,1
8700,0
8701,2
8702,0
8703,1
8704,3
8705,3
8706,3
8707,1
8708,0
8709,0
8710,3
8711,0
8712,0
8713,3
8714,2
8715,2
8716,0
8717,1
8718,2
8719,3
8720,0
8721,0
8722,2
8723,3
8724,3
8725,0
8726,3
8727,3
8728,0
8729,0
8730,1
8731,1
8732,1
8733,0
8734,3
8735,2
8736,1
8737,0
8738,3
8739,0
8740,3
8741,3
8742,1
8743,3
8744,3
8745,0
8746,3
8747,2
8748,3
8749,2
8750,2
8751,3
8752,3
8753,1
8754,2
8755,0
8756,1
8757,0
8758,0
8759,1
8760,3
8761,2
8762,0
8763,3
8764,3
8765,2
8766,1
8767,3
8768,0
8769,1
8770,2
8771,0
8772,1
8773,3
8774,3
8775,0
8776,1
8777,2
8778,3
8779,0
8780,2
8781,0
8782,2
8783,3
8784,3
8785,0
8786,1
8787,3
8788,3
8789,0
8790,1
8791,1
8792,3
8793,1
8794,0
8795,2
8796,0
8797,0
8798,1
8799,2
8800,3
8801,1
8802,2
8803,3
8804,3
8805,3
8806,0
8807,1
8808,2
8809,3
8810,0
8811,2
8812,1
8813,2
8814,3
8815,3
8816,2
8817,3
8818,3
8819,2
8820,3
8821,0
8822,1
8823,0
8824,3
8825,3
8826,0
8827,3
8828,1
8829,2
8830,3
8831,3
8832,1
8833,2
8834,0
8835,0
8836,3
8837,3
8838,3
8839,2
8840,2
8841,0
8842,0
8843,2
8844,0
8845,2
8846,0
8847,2
8848,1
8849,3
8850,2
8851,3
8852,3
8853,1
8854,0
8855,3
8856,3
8857,0
8858,1
8859,1
8860,1
8861,3
8862,3
8863,3
8864,0
8865,0
8866,3
8867,3
8868,2
8869,0
8870,0
8871,0
8872,0
8873,3
8874,2
8875,0
8876,3
8877,3
8878,3
8879,0
8880,2
8881,1
8882,1
8883,1
8884,0
8885,1
8886,1
8887,2
8888,0
8889,1
8890,0
8891,1
8892,1
8893,1
8894,0
8895,3
8896,0
8897,1
8898,3
8899,3
8900,2
8901,1
8902,1
8903,2
8904,0
8905,1
8906,3
8907,3
8908,2
8909,3
8910,0
8911,0
8912,2
8913,2
8914,3
8915,3
8916,0
8917,0
8918,3
8919,1
8920,2
8921,3
8922,0
8923,0
8924,0
8925,2
8926,0
8927,1
8928,0
8929,1
8930,1
8931,3
8932,2
8933,3
8934,3
8935,2
8936,3
8937,3
8938,3
8939,3
8940,0
8941,2
8942,3
8943,3
8944,1
8945,3
8946,1
8947,3
8948,2
8949,3
8950,3
8951,2
8952,0
8953,0
8954,2
8955,0
8956,3
8957,3
8958,3
8959,-1
8960,3
8961,2
8962,1
8963,1
8964,0
8965,2
8966,1
8967,0
8968,3
8969,3
8970,3
8971,2
8972,3
8973,3
8974,2
8975,3
8976,1
8977,0
8978,2
8979,1
8980,2
8981,1
8982,0
8983,3
8984,3
8985,0
8986,3
8987,0
8988,3
8989,2
8990,3
8991,1
8992,3
8993,3
8994,-1
8995,0
8996,3
8997,3
8998,2
8999,3
9000,3
9001,1
9002,3
9003,3
9004,2
9005,2
9006,3
9007,1
9008,3
9009,2
9010,3
9011,3
9012,2
9013,3
9014,2
9015,0
9016,1
9017,2
9018,1
9019,2
9020,2
9021,3
9022,3
9023,3
9024,1
9025,2
9026,3
9027,1
9028,2
9029,0
9030,3
9031,0
9032,3
9033,3
9034,1
9035,3
9036,2
9037,1
9038,3
9039,3
9040,2
9041,2
9042,0
9043,3
9044,3
9045,1
9046,3
9047,3
9048,0
9049,2
9050,3
9051,1
9052,3
9053,2
9054,1
9055,3
9056,2
9057,0
9058,2
9059,2
9060,3
9061,3
9062,3
9063,3
9064,2
9065,0
9066,1
9067,3
9068,1
9069,2
9070,0
9071,0
9072,3
9073,0
9074,2
9075,3
9076,2
9077,0
9078,2
9079,3
9080,3
9081,3
9082,3
9083,2
9084,3
9085,1
9086,3
9087,2
9088,3
9089,3
9090,2
9091,3
9092,2
9093,1
9094,3
9095,0
9096,0
9097,1
9098,-1
9099,2
9100,3
9101,3
9102,0
9103,3
9104,3
9105,3
9106,2
9107,2
9108,2
9109,3
9110,3
9111,3
9112,0
9113,2
9114,1
9115,2
9116,2
9117,3
9118,1
9119,0
9120,0
9121,3
9122,1
9123,1
9124,3
9125,2
9126,2
9127,0
9128,1
9129,3
9130,0
9131,0
9132,0
9133,0
9134,2
9135,2
9136,2
9137,1
9138,3
9139,1
9140,3
9141,2
9142,3
9143,1
9144,0
9145,1
9146,0
9147,0
9148,0
9149,3
9150,2
9151,2
9152,1
9153,-1
9154,3
9155,3
9156,3
9157,0
9158,1
9159,2
9160,3
9161,3
9162,1
9163,2
9164,1
9165,1
9166,3
9167,3
9168,3
9169,1
9170,2
9171,1
9172,2
9173,3
9174,0
9175,0
9176,3
9177,1
9178,0
9179,3
9180,3
9181,1
9182,3
9183,3
9184,3
9185,2
9186,3
9187,3
9188,1
9189,3
9190,3
9191,0
9192,3
9193,1
9194,3
9195,2
9196,2
9197,2
9198,1
9199,3
9200,0
9201,2
9202,3
9203,0
9204,0
9205,2
9206,1
9207,2
9208,0
9209,0
9210,2
9211,2
9212,0
9213,2
9214,1
9215,1
9216,3
9217,2
9218,1
9219,1
9220,3
9221,2
9222,-1
9223,0
9224,2
9225,1
9226,1
9227,3
9228,3
9229,1
9230,2
9231,3
9232,1
9233,3
9234,3
9235,0
9236,1
9237,1
9238,3
9239,3
9240,0
9241,2
9242,3
9243,1
9244,2
9245,0
9246,1
9247,3
9248,3
9249,1
9250,3
9251,0
9252,3
9253,3
9254,3
9255,1
9256,3
9257,3
9258,2
9259,2
9260,3
9261,0
9262,0
9263,3
9264,2
9265,2
9266,2
9267,0
9268,3
9269,1
9270,0
9271,2
9272,0
9273,0
9274,3
9275,0
9276,0
9277,0
9278,1
9279,0
9280,2
9281,3
9282,3
9283,2
9284,3
9285,3
9286,1
9287,1
9288,3
9289,0
9290,0
9291,2
9292,1
9293,1
9294,1
9295,0
9296,1
9297,1
9298,1
9299,3
9300,0
9301,0
9302,0
9303,0
9304,3
9305,0
9306,-1
9307,1
9308,1
9309,3
9310,1
9311,0
9312,3
9313,0
9314,1
9315,3
9316,3
9317,3
9318,0
9319,3
9320,0
9321,2
9322,0
9323,3
9324,3
9325,0
9326,3
9327,2
9328,0
9329,1
9330,0
9331,3
9332,2
9333,3
9334,2
9335,1
9336,0
9337,2
9338,3
9339,2
9340,3
9341,3
9342,3
9343,2
9344,1
9345,2
9346,0
9347,2
9348,0
9349,3
9350,2
9351,0
9352,3
9353,0
9354,2
9355,0
9356,3
9357,3
9358,2
9359,1
9360,1
9361,2
9362,3
9363,3
9364,1
9365,1
9366,3
9367,3
9368,0
9369,2
9370,2
9371,1
9372,2
9373,1
9374,1
9375,3
9376,0
9377,3
9378,3
9379,2
9380,0
9381,3
9382,3
9383,1
9384,2
9385,1
9386,3
9387,0
9388,1
9389,0
9390,1
9391,3
9392,3
9393,3
9394,2
9395,-1
9396,2
9397,0
9398,1
9399,3
9400,0
9401,2
9402,3
9403,2
9404,0
9405,3
9406,3
9407,3
9408,2
9409,2
9410,3
9411,0
9412,3
9413,2
9414,3
9415,0
9416,3
9417,2
9418,0
9419,2
9420,1
9421,2
9422,3
9423,3
9424,0
9425,3
9426,0
9427,0
9428,1
9429,1
9430,3
9431,2
9432,-1
9433,2
9434,0
9435,1
9436,0
9437,3
9438,3
9439,3
9440,0
9441,2
9442,2
9443,0
9444,0
9445,0
9446,0
9447,0
9448,3
9449,0
9450,0
9451,2
9452,1
9453,2
9454,3
9455,3
9456,3
9457,3
9458,3
9459,3
9460,3
9461,0
9462,1
9463,1
9464,0
9465,1
9466,0
9467,-1
9468,3
9469,3
9470,3
9471,1
9472,2
9473,2
9474,2
9475,1
9476,0
9477,1
9478,2
9479,3
9480,1
9481,3
9482,1
9483,2
9484,3
9485,3
9486,2
9487,3
9488,0
9489,1
9490,2
9491,2
9492,3
9493,3
9494,3
9495,3
9496,3
9497,2
9498,0
9499,2
9500,2
9501,3
9502,0
9503,1
9504,3
9505,3
9506,3
9507,3
9508,2
9509,3
9510,0
9511,3
9512,3
9513,0
9514,2
9515,3
9516,3
9517,0
9518,1
9519,1
9520,2
9521,1
9522,2
9523,0
9524,1
9525,2
9526,3
9527,2
9528,1
9529,3
9530,3
9531,2
9532,2
9533,0
9534,3
9535,3
9536,3
9537,1
9538,1
9539,3
9540,1
9541,2
9542,2
9543,1
9544,3
9545,1
9546,0
9547,0
9548,2
9549,0
9550,0
9551,3
9552,2
9553,3
9554,0
9555,1
9556,2
9557,0
9558,3
9559,3
9560,2
9561,1
9562,1
9563,-1
9564,3
9565,2
9566,0
9567,3
9568,-1
9569,2
9570,3
9571,0
9572,1
9573,3
9574,2
9575,2
9576,3
9577,2
9578,1
9579,3
9580,1
9581,3
9582,0
9583,3
9584,2
9585,2
9586,3
9587,0
9588,3
9589,3
9590,3
9591,0
9592,3
9593,3
9594,1
9595,2
9596,3
9597,2
9598,0
9599,3
9600,3
9601,0
9602,3
9603,0
9604,0
9605,3
9606,0
9607,1
9608,2
9609,3
9610,3
9611,2
9612,3
9613,3
9614,2
9615,3
9616,1
9617,3
9618,3
9619,3
9620,3
9621,3
9622,1
9623,2
9624,3
9625,0
9626,3
9627,1
9628,3
9629,3
9630,1
9631,0
9632,3
9633,2
9634,0
9635,0
9636,2
9637,2
9638,3
9639,3
9640,3
9641,0
9642,2
9643,3
9644,3
9645,3
9646,3
9647,1
9648,3
9649,2
9650,0
9651,1
9652,3
9653,3
9654,1
9655,2
9656,0
9657,3
9658,3
9659,3
9660,3
9661,2
9662,0
9663,-1
9664,2
9665,1
9666,2
9667,0
9668,3
9669,2
9670,2
9671,0
9672,3
9673,1
9674,1
9675,3
9676,0
9677,0
9678,1
9679,3
9680,2
9681,-1
9682,3
9683,0
9684,3
9685,0
9686,2
9687,1
9688,0
9689,2
9690,3
9691,2
9692,3
9693,3
9694,0
9695,3
9696,3
9697,3
9698,1
9699,2
9700,3
9701,3
9702,0
9703,3
9704,3
9705,2
9706,3
9707,3
9708,3
9709,-1
9710,3
9711,2
9712,2
9713,2
9714,2
9715,3
9716,3
9717,1
9718,0
9719,1
9720,0
9721,2
9722,3
9723,0
9724,3
9725,1
9726,2
9727,3
9728,3
9729,0
9730,3
9731,3
9732,2
9733,1
9734,3
9735,1
9736,2
9737,0
9738,0
9739,3
9740,0
9741,2
9742,0
9743,3
9744,2
9745,3
9746,3
9747,3
9748,1
9749,1
9750,0
9751,-1
9752,3
9753,3
9754,2
9755,1
9756,1
9757,0
9758,1
9759,0
9760,0
9761,2
9762,3
9763,3
9764,0
9765,2
9766,2
9767,1
9768,3
9769,3
9770,0
9771,1
9772,3
9773,-1
9774,1
9775,3
9776,1
9777,0
9778,3
9779,1
9780,3
9781,3
9782,2
9783,3
9784,0
9785,1
9786,1
9787,1
9788,0
9789,2
9790,3
9791,2
9792,0
9793,0
9794,3
9795,3
9796,1
9797,1
9798,1
9799,2
9800,3
9801,0
9802,0
9803,2
9804,3
9805,0
9806,0
9807,3
9808,3
9809,3
9810,3
9811,2
9812,2
9813,3
9814,0
9815,1
9816,1
9817,3
9818,0
9819,2
9820,1
9821,3
9822,2
9823,2
9824,1
9825,1
9826,1
9827,3
9828,3
9829,0
9830,3
9831,2
9832,2
9833,3
9834,0
9835,3
9836,0
9837,1
9838,2
9839,0
9840,3
9841,1
9842,3
9843,3
9844,1
9845,2
9846,3
9847,2
9848,3
9849,3
9850,2
9851,1
9852,2
9853,3
9854,2
9855,1
9856,3
9857,3
9858,1
9859,0
9860,1
9861,1
9862,3
9863,0
9864,3
9865,3
9866,3
9867,3
9868,2
9869,0
9870,0
9871,3
9872,0
9873,0
9874,3
9875,1
9876,2
9877,2
9878,0
9879,2
9880,1
9881,2
9882,1
9883,2
9884,0
9885,3
9886,3
9887,2
9888,1
9889,1
9890,1
9891,0
9892,3
9893,3
9894,0
9895,3
9896,0
9897,0
9898,0
9899,0
9900,0
9901,1
9902,1
9903,0
9904,3
9905,3
9906,2
9907,3
9908,3
9909,0
9910,1
9911,3
9912,2
9913,3
9914,1
9915,0
9916,1
9917,0
9918,1
9919,1
9920,3
9921,3
9922,0
9923,1
9924,1
9925,2
9926,2
9927,2
9928,3
9929,1
9930,0
9931,-1
9932,2
9933,2
9934,0
9935,1
9936,0
9937,0
9938,3
9939,1
9940,1
9941,0
9942,3
9943,3
9944,2
9945,0
9946,3
9947,2
9948,3
9949,3
9950,3
9951,-1
9952,2
9953,0
9954,3
9955,3
9956,3
9957,3
9958,3
9959,0
9960,2
9961,-1
9962,1
9963,1
9964,0
9965,1
9966,2
9967,2
9968,0
9969,3
9970,2
9971,0
9972,3
9973,2
9974,0
9975,3
9976,3
9977,0
9978,3
9979,3
9980,2
9981,3
9982,3
9983,3
9984,0
9985,2
9986,1
9987,3
9988,3
9989,0
9990,2
9991,3
9992,0
9993,-1
9994,3
9995,0
9996,0
9997,0
9998,1
9999,2
10000,1
10001,3
10002,1
10003,3
10004,3
10005,1
10006,3
10007,3
10008,2
10009,3
10010,2
10011,3
10012,1
10013,2
10014,0
10015,0
10016,1
10017,0
10018,1
10019,0
10020,3
10021,3
10022,3
10023,3
10024,0
10025,3
10026,2
10027,1
10028,2
10029,3
10030,3
10031,2
10032,2
10033,0
10034,3
10035,3
10036,3
10037,0
10038,3
10039,3
10040,3
10041,-1
10042,3
10043,3
10044,0
10045,1
10046,-1
10047,3
10048,2
10049,3
10050,0
10051,0
10052,0
10053,3
10054,2
10055,3
10056,0
10057,1
10058,1
10059,0
10060,0
10061,-1
10062,3
10063,0
10064,3
10065,3
10066,0
10067,2
10068,0
10069,2
10070,1
10071,3
10072,1
10073,3
10074,1
10075,0
10076,1
10077,2
10078,3
10079,0
10080,3
10081,2
10082,1
10083,1
10084,2
10085,1
10086,1
10087,1
10088,2
10089,0
10090,3
10091,3
10092,0
10093,1
10094,3
10095,3
10096,3
10097,0
10098,3
10099,0
10100,2
10101,3
10102,0
10103,1
10104,3
10105,3
10106,3
10107,1
10108,3
10109,3
10110,3
10111,1
10112,3
10113,2
10114,3
10115,0
10116,-1
10117,3
10118,3
10119,0
10120,1
10121,3
10122,0
10123,3
10124,1
10125,1
10126,3
10127,1
10128,3
10129,2
10130,1
10131,0
10132,2
10133,2
10134,-1
10135,2
10136,1
10137,0
10138,3
10139,3
10140,1
10141,3
10142,2
10143,1
10144,0
10145,3
10146,3
10147,3
10148,2
10149,3
10150,2
10151,2
10152,0
10153,1
10154,0
10155,3
10156,2
10157,2
10158,3
10159,3
10160,2
10161,3
10162,3
10163,3
10164,3
10165,0
10166,3
10167,3
10168,2
10169,2
10170,0
10171,1
10172,3
10173,3
10174,2
10175,3
10176,3
10177,0
10178,0
10179,3
10180,1
10181,1
10182,1
10183,2
10184,3
10185,2
10186,3
10187,0
10188,0
10189,1
10190,1
10191,1
10192,3
10193,3
10194,3
10195,1
10196,1
10197,0
10198,3
10199,0
10200,3
10201,3
10202,0
10203,1
10204,1
10205,2
10206,3
10207,0
10208,3
10209,3
10210,1
10211,3
10212,1
10213,0
10214,0
10215,0
10216,0
10217,0
10218,1
10219,0
10220,0
10221,3
10222,3
10223,0
10224,3
10225,0
10226,2
10227,1
10228,3
10229,0
10230,2
10231,3
10232,3
10233,1
10234,0
10235,2
10236,1
10237,0
10238,3
10239,3
10240,2
10241,3
10242,3
10243,3
10244,3
10245,1
10246,2
10247,3
10248,0
10249,3
10250,3
10251,3
10252,1
10253,3
10254,2
10255,3
10256,1
10257,3
10258,1
10259,3
10260,2
10261,3
10262,2
10263,1
10264,3
10265,0
10266,3
10267,0
10268,3
10269,3
10270,0
10271,0
10272,2
10273,1
10274,3
10275,3
10276,2
10277,3
10278,2
10279,3
10280,3
10281,0
10282,3
10283,0
10284,1
10285,1
10286,3
10287,0
10288,1
10289,1
10290,1
10291,3
10292,1
10293,2
10294,0
10295,3
10296,3
10297,-1
10298,3
10299,3
10300,3
10301,3
10302,3
10303,0
10304,3
10305,2
10306,3
10307,2
10308,2
10309,3
10310,2
10311,2
10312,2
10313,3
10314,1
10315,0
10316,2
10317,2
10318,3
10319,1
10320,2
10321,1
10322,1
10323,1
10324,3
10325,1
10326,1
10327,1
10328,2
10329,1
10330,2
10331,3
10332,2
10333,0
10334,1
10335,3
10336,3
10337,1
10338,3
10339,3
10340,0
10341,1
10342,3
10343,0
10344,0
10345,3
10346,3
10347,0
10348,3
10349,3
10350,1
10351,3
10352,0
10353,1
10354,3
10355,3
10356,2
10357,1
10358,3
10359,3
10360,1
10361,1
10362,3
10363,1
10364,3
10365,3
10366,0
10367,2
10368,0
10369,2
10370,1
10371,1
10372,2
10373,2
10374,0
10375,1
10376,1
10377,3
10378,3
10379,0
10380,3
10381,-1
10382,3
10383,0
10384,3
10385,2
10386,3
10387,1
10388,3
10389,0
10390,3
10391,1
10392,0
10393,2
10394,0
10395,3
10396,0
10397,3
10398,2
10399,2
10400,3
10401,3
10402,3
10403,3
10404,2
10405,3
10406,0
10407,3
10408,3
10409,1
10410,0
10411,3
10412,0
10413,3
10414,0
10415,1
10416,3
10417,0
10418,3
10419,2
10420,3
10421,3
10422,1
10423,1
10424,1
10425,3
10426,1
10427,3
10428,3
10429,1
10430,0
10431,3
10432,0
10433,0
10434,1
10435,3
10436,0
10437,0
10438,0
10439,1
10440,3
10441,3
10442,0
10443,2
10444,3
10445,3
10446,2
10447,3
10448,3
10449,2
10450,3
10451,2
10452,3
10453,3
10454,2
10455,0
10456,3
10457,3
10458,1
10459,3
10460,3
10461,0
10462,0
10463,3
10464,3
10465,3
10466,0
10467,3
10468,3
10469,3
10470,0
10471,3
10472,3
10473,1
10474,1
10475,3
10476,0
10477,1
10478,0
10479,1
10480,3
10481,2
10482,3
10483,0
10484,1
10485,3
10486,0
10487,3
10488,3
10489,0
10490,1
10491,3
10492,2
10493,0
10494,0
10495,0
10496,1
10497,1
10498,3
10499,1
10500,1
10501,3
10502,3
10503,0
10504,0
10505,3
10506,3
10507,2
10508,1
10509,3
10510,2
10511,2
10512,3
10513,2
10514,3
10515,0
10516,1
10517,2
10518,2
10519,3
10520,3
10521,0
10522,0
10523,1
10524,3
10525,1
10526,1
10527,3
10528,3
10529,2
10530,3
10531,2
10532,2
10533,2
10534,3
10535,1
10536,1
10537,3
10538,0
10539,3
10540,3
10541,1
10542,3
10543,0
10544,0
10545,1
10546,2
10547,2
10548,1
10549,0
10550,1
10551,0
10552,1
10553,-1
10554,1
10555,0
10556,3
10557,2
10558,3
10559,3
10560,3
10561,3
10562,3
10563,2
10564,3
10565,1
10566,0
10567,1
10568,3
10569,3
10570,0
10571,0
10572,1
10573,3
10574,0
10575,3
10576,3
10577,-1
10578,3
10579,2
10580,3
10581,1
10582,3
10583,2
10584,3
10585,1
10586,0
10587,2
10588,0
10589,1
10590,0
10591,3
10592,3
10593,1
10594,3
10595,2
10596,3
10597,2
10598,1
10599,3
10600,2
10601,0
10602,2
10603,1
10604,3
10605,3
10606,2
10607,0
10608,0
10609,0
10610,0
10611,3
10612,0
10613,3
10614,3
10615,3
10616,0
10617,1
10618,1
10619,1
10620,1
10621,3
10622,3
10623,0
10624,3
10625,0
10626,1
10627,0
10628,2
10629,3
10630,2
10631,3
10632,3
10633,0
10634,1
10635,3
10636,0
10637,0
10638,1
10639,2
10640,3
10641,3
10642,3
10643,-1
10644,3
10645,0
10646,3
10647,1
10648,1
10649,3
10650,0
10651,3
10652,0
10653,1
10654,0
10655,3
10656,3
10657,3
10658,3
10659,3
10660,3
10661,3
10662,3
10663,1
10664,2
10665,0
10666,2
10667,3
10668,2
10669,3
10670,3
10671,3
10672,2
10673,2
10674,3
10675,2
10676,3
10677,3
10678,0
10679,3
10680,3
10681,2
10682,1
10683,3
10684,3
10685,3
10686,0
10687,3
10688,3
10689,1
10690,0
10691,0
10692,3
10693,0
10694,1
10695,2
10696,1
10697,3
10698,1
10699,1
10700,3
10701,3
10702,3
10703,2
10704,-1
10705,0
10706,3
10707,3
10708,1
10709,2
10710,3
10711,3
10712,2
10713,1
10714,0
10715,2
10716,2
10717,0
10718,3
10719,2
10720,0
10721,2
10722,0
10723,1
10724,2
10725,2
10726,0
10727,3
10728,0
10729,2
10730,1
10731,3
10732,3
10733,3
10734,1
10735,0
10736,3
10737,3
10738,3
10739,0
10740,3
10741,3
10742,0
10743,3
10744,1
10745,0
10746,1
10747,-1
10748,0
10749,2
10750,3
10751,3
10752,2
10753,2
10754,3
10755,2
10756,3
10757,2
10758,3
10759,1
10760,3
10761,0
10762,1
10763,3
10764,2
10765,3
10766,-1
10767,0
10768,2
10769,1
10770,1
10771,0
10772,3
10773,1
10774,0
10775,2
10776,3
10777,0
10778,2
10779,0
10780,2
10781,3
10782,3
10783,2
10784,0
10785,2
10786,3
10787,3
10788,2
10789,3
10790,0
10791,2
10792,3
10793,2
10794,0
10795,0
10796,3
10797,2
10798,3
10799,0
10800,1
10801,2
10802,3
10803,3
10804,1
10805,0
10806,0
10807,2
10808,2
10809,2
10810,1
10811,3
10812,-1
10813,3
10814,2
10815,2
10816,0
10817,0
10818,2
10819,2
10820,1
10821,3
10822,2
10823,1
10824,3
10825,3
10826,1
10827,3
10828,3
10829,3
10830,1
10831,0
10832,1
10833,3
10834,3
10835,1
10836,2
10837,2
10838,2
10839,0
10840,1
10841,1
10842,2
10843,3
10844,3
10845,3
10846,0
10847,0
10848,2
10849,2
10850,3
10851,3
10852,3
10853,3
10854,2
10855,2
10856,1
10857,3
10858,3
10859,1
10860,0
10861,0
10862,3
10863,0
10864,0
10865,0
10866,3
10867,1
10868,-1
10869,0
10870,3
10871,0
10872,3
10873,0
10874,1
10875,0
10876,2
10877,3
10878,2
10879,3
10880,3
10881,1
10882,3
10883,1
10884,1
10885,1
10886,3
10887,2
10888,3
10889,3
10890,0
10891,3
10892,2
10893,3
10894,2
10895,2
10896,2
10897,0
10898,1
10899,2
10900,3
10901,2
10902,3
10903,0
10904,3
10905,0
10906,2
10907,0
10908,1
10909,3
10910,2
10911,2
10912,3
10913,3
10914,3
10915,3
10916,0
10917,3
10918,3
10919,3
10920,2
10921,1
10922,3
10923,-1
10924,3
10925,3
10926,3
10927,2
10928,0
10929,1
10930,3
10931,1
10932,3
10933,0
10934,3
10935,2
10936,1
10937,1
10938,3
10939,2
10940,2
10941,3
10942,3
10943,0
10944,3
10945,1
10946,1
10947,2
10948,3
10949,3
10950,2
10951,3
10952,3
10953,2
10954,3
10955,2
10956,2
10957,0
10958,3
10959,3
10960,1
10961,3
10962,3
10963,0
10964,3
10965,0
10966,1
10967,1
10968,0
10969,3
10970,2
10971,3
10972,3
10973,2
10974,0
10975,2
10976,0
10977,0
10978,1
10979,3
10980,3
10981,3
10982,3
10983,1
10984,1
10985,3
10986,1
10987,0
10988,3
10989,0
10990,0
10991,2
10992,0
10993,1
10994,1
10995,1
10996,0
10997,2
10998,3
10999,1
11000,3
11001,3
11002,3
11003,1
11004,1
11005,1
11006,3
11007,1
11008,3
11009,3
11010,0
11011,3
11012,3
11013,1
11014,0
11015,1
11016,1
11017,3
11018,3
11019,3
11020,3
11021,0
11022,2
11023,2
11024,2
11025,3
11026,3
11027,3
11028,1
11029,0
11030,1
11031,1
11032,0
11033,3
11034,3
11035,1
11036,3
11037,2
11038,0
11039,1
11040,1
11041,3
11042,3
11043,2
11044,2
11045,1
11046,3
11047,3
11048,-1
11049,3
11050,3
11051,2
11052,1
11053,3
11054,1
11055,3
11056,0
11057,1
11058,3
11059,1
11060,2
11061,2
11062,1
11063,-1
11064,3
11065,3
11066,3
11067,0
11068,1
11069,0
11070,1
11071,3
11072,2
11073,1
11074,3
11075,3
11076,3
11077,3
11078,3
11079,1
11080,0
11081,1
11082,0
11083,1
11084,0
11085,0
11086,3
11087,3
11088,3
11089,3
11090,0
11091,0
11092,3
11093,2
11094,1
11095,3
11096,3
11097,1
11098,1
11099,3
11100,2
11101,3
11102,0
11103,3
11104,2
11105,3
11106,3
11107,3
11108,1
11109,3
11110,2
11111,3
11112,3
11113,3
11114,3
11115,3
11116,0
11117,2
11118,-1
11119,0
11120,2
11121,0
11122,1
11123,3
11124,3
11125,3
11126,3
11127,2
11128,1
11129,3
11130,2
11131,3
11132,0
11133,2
11134,2
11135,3
11136,1
11137,1
11138,0
11139,3
11140,0
11141,1
11142,1
11143,0
11144,2
11145,3
11146,2
11147,3
11148,3
11149,3
11150,1
11151,0
11152,3
11153,2
11154,3
11155,2
11156,3
11157,0
11158,0
11159,2
11160,1
11161,3
11162,0
11163,2
11164,1
11165,3
11166,3
11167,0
11168,3
11169,0
11170,0
11171,3
11172,3
11173,3
11174,3
11175,1
11176,3
11177,1
11178,1
11179,3
11180,2
11181,0
11182,1
11183,3
11184,0
11185,1
11186,3
11187,0
11188,0
11189,1
11190,3
11191,2
11192,1
11193,0
11194,3
11195,3
11196,1
11197,2
11198,3
11199,0
11200,3
11201,3
11202,0
11203,3
11204,3
11205,1
11206,3
11207,1
11208,2
11209,0
11210,0
11211,3
11212,1
11213,3
11214,1
11215,1
11216,3
11217,0
11218,3
11219,3
11220,3
11221,1
11222,0
11223,1
11224,2
11225,3
11226,3
11227,3
11228,0
11229,1
11230,3
11231,0
11232,2
11233,0
11234,2
11235,1
11236,-1
11237,1
11238,-1
11239,2
11240,0
11241,0
11242,2
11243,3
11244,2
11245,2
11246,1
11247,3
11248,1
11249,3
11250,3
11251,0
11252,2
11253,1
11254,1
11255,3
11256,1
11257,2
11258,3
11259,3
11260,3
11261,2
11262,2
11263,0
11264,3
11265,0
11266,3
11267,2
11268,2
11269,2
11270,2
11271,3
11272,3
11273,2
11274,1
11275,3
11276,0
11277,0
11278,0
11279,1
11280,1
11281,-1
11282,3
11283,2
11284,3
11285,1
11286,3
11287,3
11288,0
11289,3
11290,3
11291,3
11292,0
11293,2
11294,3
11295,0
11296,3
11297,3
11298,2
11299,0
11300,1
11301,1
11302,2
11303,3
11304,1
11305,1
11306,2
11307,3
11308,1
11309,2
11310,1
11311,3
11312,2
11313,3
11314,1
11315,3
11316,3
11317,3
11318,-1
11319,2
11320,0
11321,2
11322,3
11323,3
11324,2
11325,3
11326,0
11327,1
11328,3
11329,3
11330,3
11331,3
11332,0
11333,3
11334,0
11335,1
11336,1
11337,2
11338,0
11339,3
11340,3
11341,3
11342,1
11343,3
11344,3
11345,2
11346,0
11347,3
11348,1
11349,3
11350,2
11351,3
11352,0
11353,0
11354,0
11355,3
11356,1
11357,1
11358,3
11359,2
11360,3
11361,1
11362,3
11363,1
11364,3
11365,3
11366,3
11367,1
11368,2
11369,0
11370,1
11371,1
11372,3
11373,1
11374,2
11375,3
11376,3
11377,0
11378,1
11379,2
11380,3
11381,1
11382,3
11383,3
11384,1
11385,3
11386,2
11387,1
11388,0
11389,0
11390,2
11391,3
11392,3
11393,3
11394,2
11395,3
11396,3
11397,2
11398,3
11399,3
11400,3
11401,0
11402,0
11403,3
11404,0
11405,0
11406,2
11407,3
11408,1
11409,3
11410,1
11411,3
11412,0
11413,0
11414,3
11415,2
11416,2
11417,2
11418,3
11419,0
11420,3
11421,2
11422,1
11423,0
11424,1
11425,0
11426,3
11427,1
11428,1
11429,3
11430,3
11431,1
11432,1
11433,3
11434,2
11435,3
11436,3
11437,3
11438,1
11439,0
11440,3
11441,3
11442,0
11443,0
11444,1
11445,0
11446,1
11447,3
11448,3
11449,1
11450,3
11451,1
11452,3
11453,3
11454,0
11455,0
11456,3
11457,2
11458,1
11459,1
11460,2
11461,3
11462,0
11463,0
11464,2
11465,2
11466,2
11467,3
11468,3
11469,0
11470,3
11471,1
11472,1
11473,0
11474,0
11475,3
11476,3
11477,0
11478,0
11479,1
11480,2
11481,2
11482,3
11483,0
11484,3
11485,0
11486,1
11487,3
11488,1
11489,3
11490,1
11491,0
11492,1
11493,3
11494,3
11495,1
11496,0
11497,0
11498,3
11499,1
11500,3
11501,3
11502,0
11503,1
11504,2
11505,0
11506,1
11507,1
11508,3
11509,3
11510,3
11511,2
11512,2
11513,2
11514,1
11515,1
11516,3
11517,3
11518,3
11519,3
11520,0
11521,1
11522,3
11523,2
11524,2
11525,2
11526,2
11527,0
11528,3
11529,2
11530,3
11531,1
11532,0
11533,3
11534,0
11535,1
11536,3
11537,2
11538,1
11539,3
11540,3
11541,0
11542,2
11543,0
11544,0
11545,3
11546,3
11547,3
11548,3
11549,1
11550,3
11551,3
11552,3
11553,1
11554,3
11555,3
11556,3
11557,3
11558,2
11559,1
11560,3
11561,0
11562,0
11563,2
11564,3
11565,3
11566,3
11567,3
11568,3
11569,2
11570,2
11571,0
11572,3
11573,2
11574,0
11575,0
11576,2
11577,2
11578,2
11579,3
11580,1
11581,1
11582,2
11583,3
11584,3
11585,2
11586,0
11587,2
11588,0
11589,1
11590,0
11591,0
11592,3
11593,2
11594,0
11595,2
11596,3
11597,1
11598,2
11599,3
11600,3
11601,0
11602,2
11603,3
11604,3
11605,2
11606,0
11607,0
11608,1
11609,0
11610,2
11611,3
11612,1
11613,0
11614,2
11615,0
11616,2
11617,2
11618,3
11619,1
11620,2
11621,2
11622,1
11623,3
11624,0
11625,1
11626,0
11627,3
11628,3
11629,3
11630,3
11631,3
11632,3
11633,2
11634,3
11635,3
11636,2
11637,0
11638,3
11639,0
11640,1
11641,0
11642,0
11643,3
11644,0
11645,3
11646,0
11647,2
11648,2
11649,0
11650,0
11651,3
11652,0
11653,3
11654,1
11655,3
11656,1
11657,3
11658,1
11659,0
11660,1
11661,3
11662,3
11663,1
11664,1
11665,3
11666,3
11667,3
11668,3
11669,3
11670,2
11671,3
11672,3
11673,2
11674,2
11675,3
11676,3
11677,2
11678,1
11679,1
11680,2
11681,2
11682,0
11683,0
11684,2
11685,2
11686,3
11687,2
11688,2
11689,2
11690,1
11691,2
11692,2
11693,3
11694,2
11695,2
11696,3
11697,3
11698,2
11699,1
11700,0
11701,2
11702,2
11703,3
11704,0
11705,3
11706,1
11707,3
11708,1
11709,3
11710,0
11711,3
11712,3
11713,3
11714,2
11715,0
11716,1
11717,1
11718,2
11719,3
11720,1
11721,1
11722,0
11723,2
11724,2
11725,0
11726,2
11727,1
11728,3
11729,2
11730,0
11731,1
11732,0
11733,2
11734,3
11735,3
11736,1
11737,2
11738,0
11739,3
11740,2
11741,1
11742,0
11743,2
11744,3
11745,3
11746,3
11747,3
11748,3
11749,2
11750,3
11751,0
11752,3
11753,0
11754,0
11755,2
11756,0
11757,3
11758,3
11759,2
11760,1
11761,2
11762,1
11763,3
11764,1
11765,3
11766,1
11767,0
11768,1
11769,3
11770,3
11771,1
11772,1
11773,2
11774,0
11775,3
11776,1
11777,0
11778,1
11779,1
11780,2
11781,1
11782,3
11783,0
11784,1
11785,1
11786,3
11787,0
11788,2
11789,3
11790,2
11791,3
11792,1
11793,3
11794,2
11795,0
11796,0
11797,0
11798,3
11799,3
11800,1
11801,1
11802,1
11803,0
11804,3
11805,0
11806,0
11807,3
11808,3
11809,3
11810,0
11811,3
11812,0
11813,0
11814,0
11815,2
11816,3
11817,3
11818,0
11819,3
11820,2
11821,0
11822,3
11823,1
11824,3
11825,3
11826,0
11827,2
11828,3
11829,3
11830,3
11831,3
11832,3
11833,2
11834,2
11835,3
11836,3
11837,0
11838,0
11839,3
11840,3
11841,3
11842,3
11843,3
11844,2
11845,0
11846,3
11847,3
11848,2
11849,1
11850,1
11851,2
11852,0
11853,2
11854,0
11855,3
11856,3
11857,0
11858,2
11859,1
11860,2
11861,1
11862,3
11863,3
11864,3
11865,0
11866,0
11867,2
11868,0
11869,3
11870,0
11871,2
11872,3
11873,3
11874,3
11875,3
11876,2
11877,0
11878,3
11879,0
11880,2
11881,3
11882,1
11883,2
11884,3
11885,0
11886,3
11887,2
11888,3
11889,3
11890,2
11891,2
11892,0
11893,3
11894,3
11895,-1
11896,3
11897,0
11898,3
11899,3
11900,0
11901,3
11902,2
11903,1
11904,3
11905,0
11906,3
11907,2
11908,1
11909,-1
11910,1
11911,0
11912,3
11913,1
11914,0
11915,0
11916,3
11917,1
11918,3
11919,0
11920,1
11921,2
11922,1
11923,3
11924,3
11925,0
11926,1
11927,2
11928,3
11929,3
11930,1
11931,3
11932,1
11933,0
11934,3
11935,1
11936,2
11937,0
11938,0
11939,3
11940,3
11941,3
11942,2
11943,2
11944,0
11945,0
11946,1
11947,1
11948,2
11949,2
11950,3
11951,-1
11952,1
11953,3
11954,0
11955,0
11956,3
11957,3
11958,0
11959,0
11960,3
11961,2
11962,3
11963,1
11964,3
11965,3
11966,2
11967,0
11968,0
11969,2
11970,3
11971,3
11972,3
11973,3
11974,1
11975,3
11976,1
11977,2
11978,2
11979,0
11980,1
11981,3
11982,0
11983,0
11984,0
11985,3
11986,3
11987,0
11988,3
11989,0
11990,1
11991,1
11992,-1
11993,3
11994,3
11995,1
11996,3
11997,3
11998,1
11999,2
